instance (.mc),M=05,N=05,M=05,N=10,M=05,N=15,M=10,N=05,M=10,N=10,M=10,N=15,M=15,N=05,M=15,N=10,M=15,N=15,M=20,N=05,M=20,N=10,M=20,N=15,M=30,N=05,M=30,N=10,M=30,N=15,M=40,N=05,M=40,N=10,M=40,N=15,M=50,N=05,M=50,N=10,M=50,N=15
be100.1.mc,19412,89,19412,105,19412,115,19412,151,19412,196,19412,252,19412,202,19412,316,19412,404,19412,281,19412,405,19412,494,19412,399,19412,592,19412,802,19412,548,19412,750,19412,970,19412,677,19412,911,19412,1303
be100.10.mc,15352,59,15352,91,15352,140,15352,140,15352,181,15352,261,15352,180,15352,272,15352,392,15352,246,15352,382,15352,520,15352,384,15352,572,15352,752,15352,485,15352,793,15352,1030,15352,602,15352,963,15352,1267
be100.2.mc,17290,60,17290,105,17290,125,17290,101,17290,192,17290,207,17290,158,17290,240,17290,380,17290,224,17290,340,17290,446,17290,333,17290,526,17290,685,17290,421,17290,714,17290,891,17290,546,17290,825,17290,1222
be100.3.mc,17565,57,17532,83,17565,103,17565,106,17565,162,17565,235,17565,173,17565,253,17565,368,17565,248,17565,358,17565,460,17565,374,17565,495,17565,732,17565,506,17565,740,17565,928,17565,637,17565,923,17565,1169
be100.4.mc,19125,58,19125,93,19125,139,19125,123,19125,190,19125,300,19125,201,19125,370,19125,440,19125,257,19125,465,19125,558,19125,368,19125,631,19125,887,19125,546,19125,733,19125,1201,19125,596,19125,1037,19125,1434
be100.5.mc,15868,54,15868,89,15868,121,15868,123,15868,198,15868,230,15868,178,15868,330,15868,353,15868,217,15868,370,15868,495,15868,346,15868,539,15868,812,15868,478,15868,754,15868,954,15868,640,15868,884,15868,1274
be100.6.mc,17368,58,17368,89,17368,133,17368,124,17368,181,17368,262,17368,158,17368,257,17368,355,17368,263,17368,359,17368,453,17368,336,17368,521,17368,688,17368,475,17368,688,17368,971,17368,608,17368,851,17368,1179
be100.7.mc,18629,66,18629,114,18629,109,18629,126,18629,217,18629,292,18629,225,18629,286,18629,392,18629,285,18629,426,18629,551,18629,397,18629,563,18629,752,18629,524,18629,885,18629,1087,18629,673,18629,958,18629,1226
be100.8.mc,18649,67,18641,105,18641,122,18641,110,18649,186,18649,243,18649,179,18641,273,18649,415,18649,275,18649,374,18649,538,18649,419,18649,552,18649,795,18649,464,18649,774,18649,1127,18649,658,18649,960,18649,1288
be100.9.mc,13287,44,13294,89,13294,132,13294,122,13294,195,13294,233,13294,211,13294,255,13294,420,13294,278,13294,448,13294,521,13294,375,13294,605,13294,766,13294,544,13294,793,13294,1075,13294,649,13294,969,13294,1320
be120.3.1.mc,13060,73,13060,89,13067,121,13067,121,13067,186,13067,324,13067,168,13067,313,13067,373,13067,273,13067,440,13067,552,13067,421,13067,611,13067,767,13067,588,13067,895,13067,1020,13067,685,13067,1145,13067,1353
be120.3.10.mc,12201,64,12201,86,12201,118,12201,137,12201,210,12201,281,12201,211,12201,309,12201,481,12201,266,12201,419,12201,564,12201,384,12201,683,12201,807,12201,546,12201,873,12201,1129,12201,652,12201,984,12201,1392
be120.3.2.mc,13046,58,13046,101,13046,137,13046,130,13046,217,13046,295,13046,200,13046,283,13046,421,13046,295,13046,365,13046,595,13046,375,13046,648,13046,779,13046,561,13046,811,13046,1178,13046,717,13046,1098,13046,1433
be120.3.3.mc,12418,74,12372,96,12418,134,12418,128,12418,178,12418,268,12418,202,12418,315,12418,396,12418,249,12418,401,12418,556,12418,358,12418,626,12418,711,12418,520,12418,783,12418,1027,12418,645,12418,997,12418,1386
be120.3.4.mc,13867,65,13867,92,13867,122,13867,116,13867,186,13867,276,13867,216,13867,312,13867,448,13867,266,13867,411,13867,550,13867,400,13867,589,13867,817,13867,562,13867,788,13867,1072,13867,649,13867,1019,13867,1420
be120.3.5.mc,11403,89,11403,145,11403,136,11403,171,11403,252,11403,285,11403,233,11403,356,11403,465,11403,353,11403,452,11403,651,11403,456,11403,671,11403,841,11403,751,11403,905,11403,1134,11403,813,11403,1137,11403,1416
be120.3.6.mc,12915,88,12915,94,12915,135,12866,149,12915,209,12915,263,12915,192,12915,329,12915,416,12915,257,12915,376,12915,560,12915,431,12915,628,12915,784,12915,562,12915,820,12915,1078,12915,706,12915,1053,12915,1399
be120.3.7.mc,14068,63,14068,103,14068,109,14068,142,14068,213,14068,284,14068,232,14068,332,14068,453,14068,277,14068,437,14068,538,14068,454,14068,662,14068,803,14068,572,14068,847,14068,1045,14068,758,14068,1123,14068,1422
be120.3.8.mc,14655,62,14559,100,14701,157,14701,135,14701,240,14701,332,14701,207,14701,404,14701,444,14701,273,14701,447,14701,576,14701,447,14701,652,14701,781,14701,576,14701,876,14701,1162,14701,713,14701,1052,14701,1440
be120.3.9.mc,10458,68,10458,92,10458,129,10458,141,10458,175,10458,256,10458,183,10458,274,10458,400,10458,263,10458,406,10458,530,10458,408,10458,636,10458,807,10458,501,10458,775,10458,1019,10458,640,10458,883,10458,1275
be120.8.1.mc,18691,71,18691,89,18683,126,18691,144,18683,232,18691,288,18691,206,18691,295,18683,419,18691,283,18691,406,18683,545,18691,409,18691,604,18691,839,18691,539,18691,801,18691,1162,18691,677,18691,998,18691,1371
be120.8.10.mc,19049,73,19049,106,19049,125,19049,142,19049,218,19049,264,19049,206,19049,329,19049,345,19049,236,19049,393,19049,513,19049,445,19049,618,19049,793,19049,528,19049,812,19049,1057,19049,699,19049,1015,19049,1294
be120.8.2.mc,18790,58,18827,108,18790,147,18827,185,18827,231,18827,260,18827,230,18797,315,18827,444,18827,282,18827,455,18827,622,18827,476,18827,705,18827,860,18827,607,18827,926,18827,1212,18827,718,18827,1191,18827,1409
be120.8.3.mc,19302,69,19302,94,19302,131,19302,130,19302,205,19302,264,19302,202,19302,309,19302,385,19302,283,19302,402,19302,542,19302,468,19302,633,19302,787,19302,520,19302,938,19302,1133,19302,701,19302,1083,19302,1341
be120.8.4.mc,20765,60,20765,93,20765,136,20765,176,20765,245,20765,275,20765,209,20765,341,20765,444,20765,262,20765,450,20765,508,20765,431,20765,651,20765,842,20765,583,20765,906,20765,1097,20765,702,20765,1111,20765,1588
be120.8.5.mc,20417,87,20417,90,20417,188,20417,122,20417,196,20417,269,20417,206,20417,316,20417,390,20417,284,20417,387,20417,521,20417,385,20417,596,20417,812,20417,584,20417,834,20417,1039,20417,679,20417,1022,20417,1487
be120.8.6.mc,18482,68,18482,77,18482,125,18482,123,18482,206,18482,252,18482,181,18482,264,18482,418,18482,251,18482,384,18482,515,18482,390,18482,636,18482,839,18482,475,18482,776,18482,1166,18482,656,18482,1058,18482,1297
be120.8.7.mc,22194,77,22170,132,22194,137,22194,130,22194,232,22170,300,22194,183,22170,285,22170,398,22194,272,22170,408,22194,568,22194,473,22194,639,22194,839,22194,540,22194,815,22194,1176,22194,700,22194,1075,22194,1351
be120.8.8.mc,19504,68,19515,86,19515,155,19534,149,19534,193,19534,267,19534,185,19534,335,19534,440,19534,287,19534,456,19534,518,19534,399,19534,555,19534,829,19534,518,19534,887,19534,1106,19534,709,19534,1030,19534,1367
be120.8.9.mc,18195,71,18195,101,18195,134,18195,124,18195,240,18195,312,18195,211,18195,321,18195,428,18195,262,18195,432,18195,556,18195,397,18195,612,18195,827,18195,563,18195,919,18195,1141,18195,663,18195,1128,18195,1431
be150.3.1.mc,18889,80,18889,116,18889,211,18889,133,18889,244,18889,296,18889,213,18889,394,18889,404,18889,319,18889,466,18889,635,18889,511,18889,798,18889,925,18889,681,18889,970,18889,1257,18889,830,18889,1103,18889,1555
be150.3.10.mc,17932,75,17891,128,17924,152,17925,139,17934,214,17923,297,17932,226,17932,350,17924,441,17963,283,17924,489,17932,637,17944,455,17928,738,17963,988,17944,619,17963,937,17963,1267,17963,828,17963,1098,17963,1580
be150.3.2.mc,17646,77,17756,114,17816,150,17816,167,17816,217,17639,278,17816,231,17816,333,17816,526,17816,329,17816,471,17816,563,17816,483,17816,640,17816,934,17816,612,17816,951,17816,1245,17816,797,17816,1153,17816,1571
be150.3.3.mc,17314,69,17314,128,17314,167,17314,138,17314,249,17314,261,17314,229,17314,325,17314,419,17314,317,17314,443,17314,578,17314,431,17314,608,17314,871,17314,652,17314,867,17314,1198,17314,795,17314,1110,17314,1440
be150.3.4.mc,19882,72,19884,117,19884,150,19884,173,19884,234,19884,362,19884,260,19884,271,19884,435,19884,285,19884,472,19884,619,19884,487,19884,773,19884,867,19884,653,19884,929,19884,1254,19884,750,19884,1204,19884,1532
be150.3.5.mc,16817,74,16814,83,16817,142,16817,139,16817,237,16817,297,16817,211,16817,395,16817,486,16817,278,16817,451,16817,585,16817,404,16817,648,16817,890,16817,664,16817,808,16817,1163,16817,753,16817,1065,16817,1413
be150.3.6.mc,16771,75,16771,99,16763,138,16763,130,16763,222,16780,266,16780,248,16780,315,16780,454,16780,298,16780,438,16780,550,16780,419,16780,688,16780,843,16780,600,16780,910,16780,1181,16780,770,16780,1094,16780,1494
be150.3.7.mc,18001,77,18001,127,17973,158,17984,155,18001,257,18001,315,18001,235,18001,340,18001,444,18001,291,18001,438,18001,597,18001,483,18001,840,18001,936,18001,580,18001,936,18001,1341,18001,748,18001,1195,18001,1501
be150.3.8.mc,18294,73,18303,111,18303,150,18303,122,18303,243,18303,331,18294,242,18303,369,18303,482,18294,293,18303,444,18303,627,18303,446,18303,739,18303,866,18303,659,18303,936,18303,1194,18303,809,18303,1224,18303,1549
be150.3.9.mc,12814,86,12814,117,12838,151,12838,164,12838,256,12838,308,12838,236,12838,359,12838,464,12838,308,12838,500,12838,637,12838,492,12838,648,12838,985,12838,629,12838,879,12838,1206,12838,756,12838,1182,12838,1648
be150.8.1.mc,27061,63,27089,113,27061,170,27089,150,27089,226,27089,342,27089,202,27089,303,27089,469,27089,309,27089,467,27089,550,27089,442,27089,609,27089,913,27089,562,27089,867,27089,1281,27089,777,27089,1124,27089,1426
be150.8.10.mc,28374,71,28283,108,28374,144,28374,139,28374,186,28374,293,28374,249,28374,341,28374,427,28374,329,28374,477,28374,526,28374,442,28374,637,28374,833,28374,587,28374,893,28374,1247,28374,753,28374,1173,28374,1413
be150.8.2.mc,26692,71,26667,111,26712,161,26712,154,26754,205,26779,316,26779,229,26779,414,26779,432,26777,304,26779,437,26779,593,26779,442,26779,720,26779,851,26779,553,26779,874,26779,1027,26779,730,26779,1076,26779,1455
be150.8.3.mc,29436,103,29438,167,29399,175,29438,148,29438,242,29438,310,29438,223,29438,347,29438,501,29438,357,29438,516,29438,660,29438,497,29438,726,29438,961,29438,660,29438,1012,29438,1401,29438,744,29438,1247,29438,1535
be150.8.4.mc,26911,69,26856,124,26911,163,26911,172,26911,249,26911,264,26856,222,26911,358,26911,394,26911,273,26911,441,26911,607,26911,448,26911,693,26911,843,26911,581,26911,982,26911,1195,26911,741,26911,1118,26911,1469
be150.8.5.mc,28015,82,27988,133,28017,133,28017,147,28017,261,28017,312,28017,243,28017,377,28017,474,28017,306,28017,429,28017,558,28017,508,28017,694,28017,889,28017,658,28017,928,28017,1226,28017,764,28017,1248,28017,1498
be150.8.6.mc,29221,66,29221,107,29208,134,29208,154,29221,192,29221,307,29221,246,29221,285,29208,393,29221,264,29221,461,29221,561,29221,403,29221,609,29221,842,29221,569,29221,833,29221,1069,29221,694,29221,1049,29221,1284
be150.8.7.mc,31071,74,31102,101,31209,175,31209,158,31164,211,31209,304,31164,243,31209,310,31209,474,31110,333,31147,454,31209,564,31164,475,31164,689,31209,880,31209,602,31209,878,31209,1182,31209,778,31164,1121,31209,1550
be150.8.8.mc,29508,77,29730,129,29637,147,29590,150,29730,240,29730,387,29730,294,29656,376,29666,474,29712,320,29666,425,29666,603,29730,444,29730,698,29730,896,29730,655,29730,965,29730,1325,29730,841,29730,1244,29712,1629
be150.8.9.mc,25298,81,25388,130,25388,202,25388,145,25361,194,25388,370,25388,246,25388,371,25388,490,25388,342,25388,500,25388,641,25388,466,25388,745,25388,1018,25388,635,25388,1008,25388,1256,25388,814,25388,1171,25388,1620
be200.3.1.mc,25243,80,25250,127,25284,175,25367,161,25453,298,25453,393,25416,305,25423,413,25453,531,25453,346,25383,655,25453,687,25453,580,25453,867,25453,1141,25453,741,25453,1125,25423,1416,25435,957,25453,1298,25453,1701
be200.3.10.mc,23809,79,23842,161,23809,154,23809,182,23842,245,23842,389,23842,286,23842,405,23842,451,23800,319,23842,571,23842,679,23842,525,23842,708,23842,1053,23842,744,23842,1018,23842,1256,23842,849,23842,1294,23842,1697
be200.3.2.mc,25009,72,25027,138,24998,171,25027,193,25027,267,25027,395,25027,281,25027,401,25027,541,25027,389,25027,559,25027,682,25027,546,25027,889,25027,1036,25027,813,25027,1142,25027,1349,25027,972,25027,1487,25027,1669
be200.3.3.mc,28014,117,28014,111,28014,277,28018,176,28014,330,28023,338,28023,272,28023,463,28023,589,28018,454,28023,553,28023,841,28023,669,28023,945,28023,1222,28023,869,28023,1299,28023,1596,28023,1010,28023,1728,28023,1892
be200.3.4.mc,27401,94,27420,141,27428,211,27425,167,27434,260,27427,330,27418,321,27434,489,27425,565,27434,341,27434,611,27434,838,27434,651,27428,883,27434,1006,27425,811,27434,1183,27434,1427,27434,1017,27434,1488,27434,1735
be200.3.5.mc,26254,108,26355,118,26345,214,26345,219,26345,246,26300,374,26345,271,26355,471,26355,561,26345,352,26355,601,26355,804,26355,620,26355,951,26355,1073,26355,824,26355,1141,26355,1558,26345,988,26355,1632,26355,1789
be200.3.6.mc,26146,93,26143,146,26135,224,26125,187,26146,293,26146,353,26145,276,26146,445,26146,527,26146,395,26146,621,26146,682,26146,678,26146,789,26146,1133,26146,789,26146,1112,26146,1500,26146,937,26146,1496,26146,1780
be200.3.7.mc,30483,91,30483,149,30483,214,30483,195,30483,282,30483,382,30483,285,30483,501,30483,515,30483,446,30483,569,30483,775,30483,602,30483,974,30483,1159,30483,894,30483,1175,30483,1510,30483,1031,30483,1500,30483,1715
be200.3.8.mc,27292,97,27353,174,27355,168,27224,193,27355,239,27355,410,27353,273,27298,386,27353,530,27353,324,27355,629,27353,771,27355,561,27353,889,27355,1062,27355,798,27353,1133,27355,1522,27353,937,27355,1473,27355,1968
be200.3.9.mc,24654,93,24651,149,24683,171,24659,190,24648,276,24651,374,24659,266,24683,437,24659,532,24659,392,24683,545,24659,661,24656,583,24659,892,24659,1190,24659,751,24683,1137,24683,1440,24683,955,24659,1380,24683,1857
be200.8.1.mc,48399,125,48498,131,48498,166,48534,198,48498,316,48534,436,48498,300,48534,453,48534,533,48498,454,48534,687,48534,754,48534,607,48534,889,48534,1056,48534,822,48534,1256,48534,1738,48534,1059,48534,1684,48534,1928
be200.8.10.mc,42832,88,42832,124,42832,173,42832,191,42821,296,42832,350,42786,299,42821,493,42832,574,42832,395,42832,671,42832,741,42832,605,42832,908,42832,1217,42832,826,42832,1178,42832,1573,42832,1009,42832,1517,42832,1669
be200.8.2.mc,40774,96,40807,116,40773,150,40774,169,40821,323,40775,306,40767,299,40821,439,40773,477,40821,380,40774,540,40774,599,40821,598,40774,731,40774,1002,40821,724,40821,1170,40807,1420,40807,944,40821,1464,40774,1790
be200.8.3.mc,43052,93,43131,206,43073,169,43207,192,43179,249,43207,346,43122,298,43091,388,43104,590,43088,362,43207,548,43207,669,43207,564,43104,816,43207,1087,43207,808,43207,1242,43207,1477,43207,955,43158,1587,43207,1825
be200.8.4.mc,43466,95,43757,134,43757,162,43616,243,43757,252,43757,321,43757,341,43757,361,43757,620,43757,416,43735,582,43757,757,43735,595,43663,888,43757,1035,43687,776,43757,1191,43735,1386,43757,1075,43757,1524,43757,1901
be200.8.5.mc,41474,102,41242,112,41474,166,41195,191,41482,286,41474,359,41314,319,41437,447,41482,540,41468,408,41482,533,41482,749,41482,591,41482,890,41482,1146,41482,757,41482,1218,41482,1544,41474,890,41474,1259,41482,1853
be200.8.6.mc,49492,86,49492,152,49492,141,49492,204,49492,241,49492,315,49492,359,49492,461,49492,524,49492,393,49492,655,49492,692,49492,624,49492,932,49492,1043,49492,880,49492,1135,49492,1389,49492,1011,49492,1482,49492,1907
be200.8.7.mc,46722,63,46772,135,46780,140,46772,170,46828,291,46819,330,46828,286,46828,384,46828,581,46819,338,46819,510,46828,659,46813,530,46828,779,46828,966,46828,737,46819,1069,46828,1371,46828,951,46828,1400,46828,1622
be200.8.8.mc,44397,109,44422,137,44303,169,44292,186,44466,304,44466,379,44502,315,44502,352,44502,456,44502,370,44502,613,44502,654,44502,582,44466,828,44502,1015,44502,743,44502,1164,44502,1307,44502,923,44502,1171,44502,1638
be200.8.9.mc,43241,102,43201,142,43241,194,43241,166,43241,302,43241,357,43241,300,43241,445,43241,583,43241,368,43241,454,43241,675,43241,538,43241,720,43241,964,43241,803,43241,1134,43241,1342,43241,948,43241,1334,43241,1833
be250.1.mc,23987,145,24041,152,23996,187,23969,233,24024,344,24033,459,24076,392,24041,566,24076,581,24076,441,24040,656,24038,771,24075,703,24041,993,24076,1290,24076,970,24076,1344,24041,1873,24067,1147,24076,1783,24076,2189
be250.10.mc,23077,127,23121,182,23143,255,23149,217,23149,318,23115,450,23127,370,23158,568,23159,770,23149,439,23158,708,23158,813,23146,681,23159,1092,23158,1313,23159,946,23159,1440,23159,1831,23159,1224,23158,1638,23159,2251
be250.2.mc,22485,115,22429,225,22431,183,22480,217,22524,339,22497,428,22467,299,22480,451,22507,645,22500,496,22500,696,22540,848,22507,744,22524,1132,22515,1263,22523,1008,22523,1337,22540,1731,22523,1231,22523,1685,22523,2131
be250.3.mc,22923,127,22922,143,22923,281,22923,263,22923,342,22923,528,22922,339,22923,550,22923,662,22923,454,22923,812,22923,966,22923,756,22923,1072,22923,1547,22923,915,22923,1429,22923,1857,22923,1156,22923,1732,22923,2048
be250.4.mc,24537,122,24630,126,24649,213,24633,267,24649,313,24637,432,24649,374,24649,494,24649,591,24649,501,24649,712,24649,879,24621,728,24649,1078,24649,1333,24649,975,24649,1291,24649,1684,24637,1255,24649,1848,24649,2310
be250.5.mc,21057,120,20965,287,20966,219,20964,251,21038,427,20985,424,21057,352,21057,559,21039,665,21014,536,21039,674,21057,914,21038,739,21057,1081,21039,1236,21012,922,21057,1465,21057,1882,21046,1222,21057,1998,21057,2338
be250.6.mc,22628,118,22735,197,22735,271,22680,259,22735,343,22665,425,22735,359,22735,545,22735,742,22626,520,22735,734,22717,840,22735,749,22735,1227,22735,1255,22735,1081,22735,1433,22735,1873,22735,1221,22735,1966,22735,2373
be250.7.mc,23922,130,24095,159,23953,267,24095,253,24095,333,24095,476,24079,390,24095,579,24095,618,24095,523,24095,790,24095,899,24095,767,24095,1090,24095,1415,24095,957,24095,1380,24095,1669,24095,1303,24095,1918,24095,2484
be250.8.mc,23638,144,23678,174,23781,187,23801,238,23699,334,23801,519,23749,358,23701,506,23787,657,23801,550,23787,694,23801,834,23787,720,23801,1035,23801,1216,23801,1027,23801,1486,23801,1745,23787,1306,23801,1964,23801,2285
be250.9.mc,19904,95,20035,207,19917,209,19952,239,19912,368,19973,433,19958,380,20051,628,20051,652,20035,459,20051,708,20035,1048,19979,669,20039,1057,20025,1368,19976,1013,20051,1471,20025,1686,20012,1149,20051,1837,20035,2500
bqp100-1.mc,7898,58,7970,109,7970,130,7970,132,7928,182,7970,264,7970,198,7970,265,7970,405,7964,260,7970,405,7928,493,7970,401,7970,649,7970,780,7970,527,7970,842,7970,932,7970,628,7970,982,7970,1297
bqp100-10.mc,12565,78,12565,105,12565,113,12565,128,12565,222,12565,247,12565,191,12565,269,12565,420,12565,238,12565,357,12565,528,12565,357,12565,597,12565,733,12565,499,12565,726,12565,982,12565,663,12565,956,12565,1281
bqp100-2.mc,11032,81,11036,92,11032,122,11036,119,11036,167,11036,229,11036,181,11036,295,11036,377,11036,239,11036,417,11036,517,11036,345,11036,609,11036,805,11036,516,11036,780,11036,1074,11036,621,11036,969,11036,1319
bqp100-3.mc,12723,61,12723,74,12723,113,12723,106,12723,183,12723,233,12723,183,12723,253,12723,364,12723,236,12723,349,12723,455,12723,342,12723,494,12723,679,12723,460,12723,670,12723,921,12723,548,12723,882,12723,1060
bqp100-4.mc,10368,53,10368,81,10368,117,10368,105,10368,184,10368,232,10368,168,10368,242,10368,352,10368,197,10368,360,10368,452,10368,338,10368,523,10368,708,10368,426,10368,653,10368,975,10368,532,10368,827,10368,1167
bqp100-5.mc,9083,64,9083,82,9083,129,9083,112,9083,204,9083,248,9083,195,9083,281,9083,414,9083,245,9083,353,9083,477,9083,361,9083,530,9083,700,9083,532,9083,819,9083,1052,9083,583,9083,958,9083,1258
bqp100-6.mc,10210,62,10210,88,10210,117,10202,132,10210,212,10210,260,10210,212,10210,294,10210,399,10210,248,10210,390,10210,478,10210,381,10210,515,10210,749,10210,521,10210,701,10210,1014,10210,584,10210,962,10210,1227
bqp100-7.mc,10098,60,10125,112,10098,141,10098,118,10125,183,10125,262,10125,243,10125,309,10125,412,10125,288,10125,378,10125,505,10125,445,10125,570,10125,771,10125,573,10125,813,10125,1091,10125,692,10125,1020,10125,1327
bqp100-8.mc,11435,71,11435,116,11435,119,11435,157,11435,218,11435,266,11435,175,11435,368,11435,436,11435,268,11435,401,11435,574,11435,424,11435,649,11435,792,11435,528,11435,875,11435,1091,11435,695,11435,1105,11435,1349
bqp100-9.mc,11455,63,11455,72,11455,91,11455,102,11455,180,11455,268,11455,161,11455,291,11455,363,11455,191,11455,401,11455,459,11455,333,11455,529,11455,689,11455,433,11455,686,11455,888,11455,530,11455,868,11455,1189
bqp250-1.mc,45565,149,45607,183,45607,226,45579,227,45583,354,45607,457,45607,398,45607,592,45607,714,45589,525,45607,719,45607,841,45607,839,45607,1031,45607,1364,45607,1058,45607,1412,45607,1794,45607,1297,45607,1899,45607,2351
bqp250-10.mc,40292,104,40412,133,40442,221,40412,220,40266,300,40358,451,40442,338,40442,536,40442,631,40420,499,40442,576,40442,968,40442,693,40442,1019,40442,1229,40420,992,40442,1425,40442,1748,40442,1157,40442,1667,40442,2391
bqp250-2.mc,44738,117,44810,203,44583,224,44616,229,44738,349,44425,386,44738,472,44738,581,44597,666,44738,511,44580,672,44810,834,44774,788,44810,1021,44810,1345,44810,1045,44810,1399,44810,1869,44810,1230,44810,1659,44810,2295
bqp250-3.mc,48858,110,49013,187,49037,219,48989,214,49037,363,49013,395,49037,337,49037,458,49037,650,49037,547,49037,670,49037,874,49037,721,49037,1011,49037,1359,49037,980,49037,1383,49037,1671,49037,1193,49037,1737,49037,2294
bqp250-4.mc,40975,111,41164,166,41274,209,41127,235,41199,400,41236,528,41236,344,41254,516,41274,712,41171,434,41274,602,41274,893,41236,687,41274,869,41274,1182,41274,897,41274,1302,41274,1672,41274,1158,41274,1684,41274,2106
bqp250-5.mc,47849,113,47824,213,47849,190,47882,205,47943,334,47937,427,47877,363,47955,514,47914,647,47869,447,47937,672,47955,862,47935,604,47955,936,47955,1198,47925,903,47943,1197,47955,1548,47939,1182,47955,1631,47961,2070
bqp250-6.mc,40565,86,40922,197,40932,239,40962,238,41006,289,41014,476,40962,354,41014,493,40962,718,40996,461,41014,704,41014,849,40966,784,41014,992,41014,1204,41014,949,41014,1567,41014,1821,40962,1224,41014,1740,41014,1971
bqp250-7.mc,46483,131,46757,187,46528,194,46741,221,46757,349,46757,414,46702,363,46757,563,46757,785,46702,493,46757,853,46757,860,46757,690,46757,922,46757,1297,46753,1008,46757,1373,46757,1656,46757,1243,46757,1774,46757,2232
bqp250-8.mc,35726,154,35179,121,35088,220,35336,229,35546,338,35513,394,35370,348,35451,584,35552,749,35444,501,35552,686,35666,816,35708,831,35496,901,35666,1329,35664,914,35726,1263,35726,1780,35620,1091,35726,1774,35674,2181
bqp250-9.mc,48916,136,48756,180,48916,286,48894,218,48423,314,48916,453,48824,371,48816,529,48791,572,48816,457,48916,688,48916,833,48916,671,48916,1096,48916,1252,48874,975,48874,1393,48916,1658,48816,1288,48916,1828,48916,2155
bqp50-1.mc,2098,46,2098,80,2098,95,2098,95,2098,148,2098,193,2098,155,2098,222,2098,295,2098,181,2098,307,2098,387,2098,291,2098,456,2098,602,2098,387,2098,581,2098,762,2098,482,2098,714,2098,961
bqp50-10.mc,3507,51,3507,71,3507,106,3507,97,3507,167,3507,211,3507,150,3507,232,3507,289,3507,184,3507,292,3507,420,3507,290,3507,423,3507,631,3507,356,3507,587,3507,860,3507,511,3507,731,3507,1014
bqp50-2.mc,3702,44,3702,81,3702,99,3702,88,3702,138,3702,174,3702,135,3702,223,3702,304,3702,182,3702,293,3702,408,3702,278,3702,457,3702,588,3702,353,3702,542,3702,785,3702,474,3702,693,3702,980
bqp50-3.mc,4626,41,4626,61,4626,87,4626,88,4626,126,4626,177,4626,123,4626,191,4626,274,4626,179,4626,263,4626,361,4626,242,4626,410,4626,543,4626,322,4626,521,4626,716,4626,418,4626,663,4626,908
bqp50-4.mc,3544,38,3544,67,3544,96,3544,98,3544,146,3544,217,3544,126,3544,229,3544,293,3544,196,3544,301,3544,388,3544,263,3544,447,3544,552,3544,376,3544,564,3544,798,3544,436,3544,721,3544,1042
bqp50-5.mc,4012,47,4012,76,4012,101,4012,86,4012,139,4012,205,4012,132,4012,218,4012,277,4012,162,4012,273,4012,392,4012,253,4012,448,4012,570,4012,356,4012,546,4012,766,4012,452,4012,690,4012,956
bqp50-6.mc,3693,52,3693,69,3693,93,3693,91,3693,139,3693,194,3693,123,3693,205,3693,306,3693,177,3693,292,3693,372,3693,269,3693,407,3693,553,3693,337,3693,575,3693,740,3693,468,3693,687,3693,951
bqp50-7.mc,4520,49,4520,75,4520,88,4520,80,4520,151,4520,195,4520,126,4520,199,4520,276,4520,171,4520,271,4520,375,4520,241,4520,421,4520,577,4520,338,4520,566,4520,756,4520,425,4520,723,4520,987
bqp50-8.mc,4216,44,4216,77,4216,98,4216,86,4216,136,4216,189,4216,140,4216,218,4216,279,4216,184,4216,285,4216,377,4216,276,4216,429,4216,569,4216,339,4216,562,4216,756,4216,447,4216,686,4216,960
bqp50-9.mc,3780,51,3780,65,3780,106,3780,110,3780,140,3780,216,3780,159,3780,263,3780,352,3780,202,3780,352,3780,432,3780,310,3780,534,3780,660,3780,429,3780,670,3780,919,3780,505,3780,798,3780,1154
bqp500-1.mc,114453,258,115213,364,115472,435,115999,455,115667,647,115141,608,115333,600,115799,1016,115783,1148,115938,883,115799,1386,115972,1675,115855,1295,115948,1931,116029,2126,116271,1942,116262,2330,115919,3080,115884,2202,115743,3260,115784,4127
bqp500-10.mc,129583,203,130155,326,130173,386,129683,356,130313,649,130367,759,130353,641,130351,1040,130213,1098,130531,824,130153,1245,130181,1457,130485,1306,130395,1870,130614,2447,130449,1683,130619,2585,130614,2909,130395,2319,130619,3070,130592,3575
bqp500-2.mc,127900,265,127981,317,127543,417,127957,510,127654,571,128192,677,127931,606,128221,932,128005,1029,128146,862,128069,1246,128031,1411,128159,1312,128251,1922,128195,2305,128173,1853,128229,2504,128120,3013,128084,2140,128176,3154,128269,3701
bqp500-3.mc,130550,270,130553,346,130263,464,130225,537,130744,627,130716,769,130596,778,130550,923,130444,1325,130714,855,130550,1209,130694,1426,130684,1288,130495,1769,130627,2217,130756,1843,130694,2539,130716,3183,130532,2241,130812,3515,130716,4350
bqp500-4.mc,129493,224,129758,343,129451,308,129447,481,129678,516,129790,777,129506,690,129704,949,129953,1136,129860,1017,129487,1275,129713,1421,129697,1426,130030,1889,130067,2238,129963,1882,129905,2784,130023,2873,129931,2237,130042,3276,129957,3744
bqp500-5.mc,124469,205,125241,398,124974,343,124827,490,125143,521,125289,772,124703,587,125331,859,125173,1107,125487,900,125283,1285,125329,1559,124879,1209,125273,1874,125225,2120,125139,1778,125487,2517,125415,3382,125191,2365,125475,2925,125303,4019
bqp500-6.mc,120299,206,121209,246,120911,417,120567,427,120432,582,121115,793,121039,737,120759,956,121093,1130,121034,1029,121287,1155,121538,1738,121216,1397,121191,2053,121043,2593,121303,1886,121351,2530,121376,3012,121386,2377,121262,3286,121560,3703
bqp500-7.mc,121338,213,120818,294,121573,480,121794,509,120895,652,121575,765,121236,711,121905,926,121765,1256,121706,789,121725,1421,121736,1683,121732,1387,122030,2160,122162,2416,122014,1803,121708,2491,122019,3118,121638,2439,121640,3224,121846,3780
bqp500-8.mc,122733,204,122448,377,122968,433,122863,442,122877,543,122642,767,123150,599,123174,920,122953,1095,123054,978,123140,1235,123291,1536,123314,1194,123399,1852,123240,2578,123341,1863,123501,2414,123193,3220,123235,2357,123221,3375,123216,3919
bqp500-9.mc,119526,220,120417,320,120077,420,119943,439,120066,613,120314,746,119898,639,119859,948,120400,1365,120223,1025,119954,1269,120015,1789,119782,1365,120630,2000,120701,2530,120193,1985,120570,2735,120570,3101,120279,2259,120676,3151,120527,3924
G_1.mc,11599,106,11609,183,11605,207,11595,220,11564,274,11611,373,11608,291,11603,414,11600,683,11606,388,11602,700,11604,805,11598,698,11602,1023,11610,1485,11586,773,11605,1364,11619,1700,11595,924,11603,1580,11605,2365
G_10.mc,1950,107,1954,166,1961,181,1955,216,1957,326,1959,447,1955,283,1974,423,1964,585,1956,365,1975,599,1966,874,1964,534,1960,868,1965,1296,1958,718,1962,1188,1969,1682,1958,891,1962,1482,1966,2118
G_11.mc,552,104,550,129,554,180,548,158,556,306,554,367,554,257,558,443,556,567,552,345,554,600,556,739,558,548,556,853,560,1119,556,701,556,1078,556,1519,560,886,556,1371,558,1850
G_12.mc,546,75,548,165,546,156,546,165,550,252,552,351,552,256,550,433,550,601,550,347,548,595,552,732,550,561,550,829,550,1144,552,676,548,1110,552,1506,550,883,552,1529,556,2054
G_13.mc,572,98,572,128,572,160,570,152,574,280,578,389,574,250,578,388,574,500,574,346,578,607,576,887,578,504,578,762,576,1079,574,696,578,1198,576,1529,576,855,576,1371,582,1835
G_14.mc,3040,116,3048,232,3040,216,3045,226,3054,399,3049,588,3046,312,3046,659,3051,777,3054,491,3050,765,3055,1048,3051,725,3046,1147,3051,1428,3047,925,3054,1383,3056,1958,3051,1171,3056,1948,3057,2796
G_15.mc,3026,120,3035,173,3025,250,3039,260,3039,401,3039,530,3033,339,3037,599,3039,872,3036,567,3039,736,3039,1063,3035,820,3037,1186,3040,1666,3037,974,3043,1536,3040,2379,3038,1218,3041,1981,3043,2926
G_16.mc,3026,117,3039,204,3043,346,3034,263,3039,383,3044,530,3036,327,3039,553,3036,801,3034,513,3039,879,3037,901,3038,662,3041,1265,3041,1687,3034,959,3041,1726,3041,1980,3037,1239,3038,1853,3045,2566
G_17.mc,3021,90,3040,172,3030,266,3024,226,3033,472,3029,609,3031,363,3035,707,3036,667,3033,444,3034,746,3036,981,3029,669,3035,1210,3038,1380,3032,970,3037,1511,3036,2070,3035,1262,3038,1921,3041,2577
G_18.mc,981,112,977,132,979,214,983,240,986,370,982,572,984,359,982,506,981,692,983,422,979,652,986,1143,981,668,985,1076,983,1447,981,915,985,1395,983,1783,981,1206,987,1636,986,2578
G_19.mc,898,110,894,145,894,284,893,216,897,346,899,464,895,302,900,561,901,668,898,438,898,779,904,902,892,647,902,1009,900,1422,896,796,900,1455,900,1865,898,1047,900,1748,904,2502
G_2.mc,11569,81,11560,122,11591,239,11597,237,11572,298,11587,424,11590,283,11584,444,11582,613,11584,402,11596,572,11590,833,11590,556,11600,957,11592,1293,11586,734,11597,1391,11601,1885,11586,1023,11580,1585,11593,2039
G_20.mc,935,84,927,172,936,262,923,231,935,369,937,507,937,325,938,500,940,718,936,473,939,673,939,894,936,599,934,1030,938,1472,938,850,939,1356,939,1926,937,1114,938,1648,938,2479
G_21.mc,905,104,912,120,924,296,911,199,919,319,923,452,915,321,919,495,914,703,912,424,916,655,923,950,920,601,924,982,927,1368,922,905,925,1425,924,1872,917,1113,926,1681,923,2190
G_22.mc,13291,112,13267,207,13273,300,13296,220,13299,372,13315,533,13281,346,13302,500,13297,731,13251,451,13279,689,13301,1077,13288,681,13294,1260,13287,1417,13292,841,13303,1472,13303,2174,13277,1127,13298,1996,13303,2637
G_23.mc,13249,120,13259,186,13251,241,13268,224,13271,370,13276,385,13260,309,13260,492,13274,762,13262,426,13269,624,13292,1089,13273,594,13271,1030,13274,1509,13281,859,13275,1645,13280,1960,13277,1091,13275,1747,13278,2446
G_24.mc,13237,108,13257,171,13262,247,13233,228,13240,395,13267,482,13242,342,13275,524,13261,742,13244,418,13270,689,13276,1048,13251,711,13275,1043,13273,1574,13245,852,13266,1463,13271,1965,13263,1078,13267,1831,13290,2415
G_25.mc,13242,128,13237,186,13226,199,13249,210,13269,394,13258,462,13267,322,13240,586,13274,654,13272,449,13251,694,13279,983,13243,625,13263,1095,13263,1509,13266,840,13266,1391,13266,2062,13267,1030,13262,1737,13280,2313
G_26.mc,13223,114,13231,132,13234,247,13246,226,13242,331,13252,537,13258,338,13242,547,13263,637,13236,433,13270,793,13243,1010,13241,693,13258,1076,13276,1562,13240,832,13273,1345,13254,1889,13247,1062,13257,1878,13255,2413
G_27.mc,3229,82,3261,165,3229,229,3226,211,3254,396,3251,534,3238,292,3239,468,3263,762,3231,428,3248,756,3247,935,3245,699,3257,1125,3262,1489,3249,819,3264,1384,3263,1783,3255,1055,3262,1792,3266,2407
G_28.mc,3182,104,3200,141,3210,269,3187,244,3203,344,3240,571,3188,341,3232,552,3229,719,3212,487,3227,707,3244,1010,3221,677,3240,1143,3220,1622,3196,898,3217,1460,3237,2136,3239,1205,3235,1772,3245,2573
G_29.mc,3277,114,3320,207,3303,234,3316,190,3323,393,3300,439,3319,291,3302,490,3326,704,3295,440,3326,784,3308,1011,3292,643,3313,1181,3319,1501,3330,983,3310,1507,3315,1727,3312,1078,3337,1698,3324,2554
G_3.mc,11546,82,11575,128,11578,188,11577,225,11601,334,11596,519,11581,304,11598,466,11598,657,11586,374,11602,650,11602,934,11589,552,11601,1019,11610,1306,11592,743,11599,1346,11601,1910,11602,1013,11598,1656,11599,2262
G_30.mc,3326,121,3327,153,3336,265,3334,236,3316,404,3337,584,3341,386,3337,473,3334,845,3335,468,3322,732,3341,926,3315,603,3336,1017,3349,1445,3325,833,3349,1426,3347,2021,3330,1109,3334,1840,3351,2614
G_31.mc,3221,112,3210,234,3231,248,3212,227,3228,336,3249,466,3231,318,3241,614,3222,739,3211,413,3227,777,3224,991,3207,617,3225,967,3254,1483,3232,895,3211,1324,3235,1897,3236,1071,3224,1732,3229,2461
G_32.mc,1370,100,1380,209,1382,262,1376,247,1378,389,1388,564,1380,350,1386,643,1386,750,1380,442,1388,856,1390,1037,1382,697,1390,1143,1388,1559,1384,938,1384,1538,1390,2328,1388,1167,1384,2029,1390,2696
G_33.mc,1344,93,1358,185,1362,246,1346,197,1358,362,1358,515,1346,349,1360,592,1356,786,1354,459,1352,720,1360,933,1350,639,1360,1167,1360,1496,1358,958,1358,1480,1364,2072,1358,1250,1356,1840,1362,2663
G_34.mc,1348,100,1354,165,1360,265,1356,204,1362,403,1358,503,1356,365,1358,577,1362,754,1358,454,1362,813,1362,1055,1364,746,1364,1121,1364,1477,1364,1003,1364,1560,1368,1983,1362,1109,1366,1949,1362,2418
G_35.mc,7619,157,7637,285,7625,324,7619,294,7640,647,7642,726,7621,461,7644,789,7640,1178,7628,567,7635,1016,7642,1566,7633,960,7638,1541,7645,2108,7634,1260,7641,2122,7646,3113,7639,1531,7647,2652,7638,3633
G_36.mc,7598,150,7621,338,7639,380,7617,367,7620,547,7626,816,7617,476,7621,806,7631,1174,7626,711,7620,1208,7631,1755,7614,1043,7632,1820,7627,2224,7618,1346,7632,2478,7633,3153,7623,1687,7631,2760,7629,3870
G_37.mc,7627,150,7636,309,7638,453,7615,304,7646,563,7646,791,7638,494,7638,755,7651,1097,7636,669,7648,1084,7645,1650,7641,1058,7643,1720,7644,2247,7641,1235,7647,2223,7651,3180,7641,1594,7641,2917,7651,3701
G_38.mc,7623,168,7627,300,7640,467,7627,299,7635,459,7640,815,7633,525,7635,905,7631,1056,7625,625,7630,973,7645,1574,7625,885,7643,1672,7638,2165,7635,1259,7646,2278,7643,3196,7633,1741,7655,2865,7653,4100
G_39.mc,2346,151,2347,206,2374,276,2358,282,2364,390,2376,553,2359,450,2358,653,2369,952,2351,515,2365,920,2369,1165,2365,798,2367,1434,2366,1860,2365,1082,2371,1942,2384,2696,2365,1367,2380,2590,2368,3327
G_4.mc,11606,89,11610,137,11624,245,11631,190,11631,381,11614,421,11624,288,11627,462,11632,601,11609,459,11626,592,11633,803,11630,575,11627,987,11624,1241,11629,880,11632,1344,11632,1874,11625,1017,11634,1702,11634,2231
G_40.mc,2341,171,2346,213,2352,358,2357,299,2352,519,2371,697,2340,433,2362,814,2362,1224,2362,690,2363,1098,2375,1358,2359,953,2346,1659,2370,2008,2353,1144,2357,2034,2366,2763,2352,1505,2371,2572,2368,3421
G_41.mc,2330,120,2344,231,2350,322,2346,259,2343,476,2360,593,2353,449,2349,716,2352,999,2350,589,2350,937,2374,1447,2354,871,2357,1430,2389,1815,2364,1203,2372,1881,2379,2490,2357,1445,2366,2383,2387,3402
G_42.mc,2411,131,2417,241,2429,270,2438,303,2430,617,2450,671,2437,477,2432,690,2448,1007,2425,602,2440,1059,2451,1442,2427,880,2442,1341,2443,1978,2437,1204,2437,1917,2441,2392,2435,1545,2447,2504,2453,3168
G_43.mc,6621,101,6628,151,6626,189,6627,194,6632,281,6637,451,6638,304,6641,520,6634,681,6627,386,6632,621,6635,927,6638,545,6637,1013,6636,1286,6642,826,6639,1319,6637,1753,6637,953,6638,1688,6638,2228
G_44.mc,6616,103,6624,133,6624,222,6634,248,6618,305,6626,429,6599,304,6625,531,6628,668,6622,383,6626,636,6624,773,6629,628,6628,835,6627,1333,6624,795,6624,1363,6628,1868,6626,919,6623,1525,6626,2072
G_45.mc,6601,103,6609,167,6610,204,6606,190,6614,311,6631,455,6614,287,6621,456,6630,651,6609,370,6628,646,6621,756,6626,577,6626,1030,6634,1327,6618,793,6630,1284,6637,1914,6616,908,6618,1469,6630,2029
G_46.mc,6620,109,6622,161,6627,245,6612,183,6616,344,6612,393,6617,296,6617,485,6632,671,6614,363,6618,678,6620,831,6616,582,6620,976,6622,1475,6621,772,6625,1278,6624,1689,6622,930,6626,1505,6630,2287
G_47.mc,6609,104,6627,149,6618,194,6616,227,6621,359,6630,428,6613,304,6625,494,6632,619,6629,397,6622,556,6637,790,6628,636,6631,949,6637,1297,6624,696,6633,1201,6632,1731,6632,1004,6629,1557,6633,2178
G_48.mc,6000,191,6000,140,6000,244,6000,345,6000,378,6000,493,6000,447,6000,661,6000,794,6000,742,6000,888,6000,1082,6000,1055,6000,1340,6000,1459,6000,1264,6000,1678,6000,1907,6000,1823,6000,2143,6000,2323
G_49.mc,6000,148,6000,155,6000,193,6000,270,6000,308,6000,370,6000,371,6000,464,6000,590,6000,509,6000,640,6000,748,6000,777,6000,1057,6000,1137,6000,1073,6000,1268,6000,1520,6000,1342,6000,1617,6000,2035
G_5.mc,11593,78,11599,195,11592,281,11590,218,11595,372,11603,441,11591,261,11604,505,11619,685,11588,386,11604,700,11609,822,11596,601,11611,1013,11606,1440,11602,763,11613,1297,11609,1783,11604,883,11605,1494,11610,2086
G_50.mc,5876,216,5876,307,5878,439,5878,247,5878,343,5880,698,5872,617,5880,769,5878,1061,5868,790,5878,1187,5874,1002,5878,998,5878,1673,5880,2013,5878,1543,5878,2209,5880,2895,5878,1853,5878,3026,5880,3348
G_51.mc,3819,110,3816,202,3825,227,3826,290,3820,424,3831,659,3830,396,3829,586,3837,732,3829,526,3829,822,3832,1260,3826,776,3834,1249,3836,1809,3827,1063,3833,1687,3841,2350,3827,1247,3830,2048,3834,2987
G_52.mc,3819,134,3830,215,3834,300,3827,229,3841,399,3835,611,3830,346,3827,545,3833,924,3826,498,3830,892,3834,1165,3834,823,3832,1258,3832,1853,3829,949,3832,1672,3834,2527,3837,1362,3837,1950,3838,3148
G_53.mc,3835,133,3828,198,3828,266,3823,262,3825,421,3840,651,3833,403,3839,620,3831,722,3834,474,3837,808,3835,1166,3831,726,3839,1320,3836,1621,3833,1051,3832,1738,3838,2118,3834,1306,3836,2016,3837,2875
G_54.mc,3827,130,3824,195,3827,357,3823,249,3834,436,3838,685,3826,351,3833,659,3834,761,3824,488,3834,828,3837,1119,3831,785,3835,1143,3836,1616,3834,1059,3836,1578,3838,2251,3835,1235,3838,2007,3839,2824
G_6.mc,2141,107,2144,129,2114,150,2126,171,2135,336,2150,459,2144,272,2141,504,2149,598,2132,340,2144,649,2149,734,2141,564,2145,857,2145,1305,2154,769,2152,1228,2152,1759,2143,895,2154,1537,2148,1992
G_7.mc,1947,94,1960,164,1961,171,1948,199,1962,258,1972,383,1962,246,1974,432,1964,714,1961,371,1964,531,1957,728,1975,533,1963,851,1971,1276,1956,700,1971,1204,1972,1585,1976,946,1971,1524,1981,2230
G_8.mc,1951,97,1950,118,1961,187,1960,192,1956,232,1964,391,1960,279,1966,404,1974,661,1967,359,1976,583,1971,772,1955,456,1962,868,1970,1349,1963,681,1971,1155,1977,1531,1959,866,1969,1527,1969,1996
G_9.mc,2018,106,1998,142,2010,163,2024,159,1993,293,2006,450,1999,246,2017,420,2020,569,2014,379,2018,581,2032,898,2006,495,2013,779,2014,1257,2020,784,2030,1232,2021,1692,2017,932,2014,1498,2018,2015
g05_100.0.mc,1430,50,1430,92,1430,108,1430,121,1430,204,1430,258,1430,176,1430,314,1430,352,1430,202,1430,376,1430,478,1430,336,1430,592,1430,722,1430,467,1430,722,1430,972,1430,621,1430,963,1430,1214
g05_100.1.mc,1424,57,1424,82,1425,131,1425,113,1425,201,1425,248,1425,161,1425,278,1425,421,1425,235,1425,367,1425,550,1425,338,1425,567,1425,817,1425,482,1425,757,1425,1063,1425,551,1425,1044,1425,1343
g05_100.2.mc,1432,57,1432,69,1432,117,1432,114,1432,154,1432,267,1432,176,1432,251,1432,352,1432,232,1432,349,1432,432,1432,346,1432,492,1432,648,1432,468,1432,703,1432,871,1432,580,1432,876,1432,1111
g05_100.3.mc,1424,68,1424,105,1424,145,1424,140,1424,224,1424,289,1424,183,1424,341,1424,387,1424,280,1424,476,1424,721,1424,409,1424,652,1424,905,1424,515,1424,864,1424,1144,1424,679,1424,1025,1424,1535
g05_100.4.mc,1440,67,1440,106,1440,149,1440,116,1440,192,1440,238,1440,190,1440,291,1440,484,1440,268,1440,402,1440,494,1440,361,1440,603,1440,844,1440,479,1440,786,1440,1061,1440,653,1440,995,1440,1340
g05_100.5.mc,1436,49,1436,96,1436,106,1436,110,1436,173,1436,289,1436,164,1436,283,1436,371,1436,240,1436,385,1436,513,1436,322,1436,562,1436,758,1436,434,1436,771,1436,1004,1436,583,1436,860,1436,1318
g05_100.6.mc,1434,52,1434,99,1434,112,1434,118,1434,187,1434,243,1434,152,1434,237,1434,341,1434,220,1434,359,1434,432,1434,310,1434,492,1434,664,1434,453,1434,651,1434,868,1434,545,1434,856,1434,1168
g05_100.7.mc,1431,59,1431,75,1431,110,1431,113,1431,162,1431,268,1431,168,1431,275,1431,360,1431,209,1431,339,1431,496,1431,348,1431,620,1431,794,1431,465,1431,752,1431,1146,1431,608,1431,901,1431,1201
g05_100.8.mc,1432,52,1432,97,1432,153,1432,127,1431,174,1432,278,1432,202,1431,282,1432,469,1432,236,1432,358,1432,569,1431,368,1432,576,1432,813,1432,510,1432,767,1432,1030,1432,653,1432,1071,1432,1475
g05_100.9.mc,1430,56,1430,90,1430,111,1430,119,1430,223,1430,278,1430,184,1430,272,1430,344,1430,249,1430,370,1430,463,1430,379,1430,540,1430,803,1430,516,1430,709,1430,1019,1430,594,1430,935,1430,1206
g05_60.0.mc,536,43,536,78,536,111,536,108,536,155,536,214,536,150,536,221,536,313,536,174,536,316,536,405,536,261,536,469,536,624,536,349,536,608,536,819,536,430,536,743,536,1071
g05_60.1.mc,532,41,532,79,532,91,532,97,532,136,532,186,532,126,532,208,532,272,532,174,532,282,532,376,532,260,532,427,532,583,532,370,532,609,532,760,532,446,532,712,532,958
g05_60.2.mc,529,40,529,66,529,106,529,84,529,138,529,196,529,121,529,197,529,301,529,182,529,276,529,373,529,254,529,403,529,569,529,328,529,550,529,796,529,443,529,711,529,946
g05_60.3.mc,538,52,538,72,538,123,538,103,538,182,538,256,538,142,538,297,538,330,538,188,538,341,538,453,538,290,538,476,538,758,538,373,538,756,538,978,538,467,538,812,538,1313
g05_60.4.mc,527,48,527,64,527,95,527,91,527,143,527,180,527,124,527,200,527,290,527,160,527,285,527,395,527,255,527,410,527,544,527,341,527,546,527,767,527,438,527,710,527,944
g05_60.5.mc,533,45,533,77,533,93,533,89,533,165,533,197,533,132,533,224,533,311,533,196,533,313,533,407,533,295,533,460,533,623,533,382,533,605,533,828,533,520,533,802,533,1013
g05_60.6.mc,531,48,531,83,531,118,531,89,531,182,531,226,531,161,531,234,531,342,531,180,531,367,531,466,531,286,531,499,531,706,531,403,531,711,531,932,531,478,531,774,531,1220
g05_60.7.mc,535,51,535,83,535,109,535,85,535,154,535,216,535,153,535,244,535,307,535,207,535,324,535,417,535,286,535,468,535,602,535,398,535,618,535,835,535,530,535,765,535,1032
g05_60.8.mc,530,48,530,83,530,119,530,114,530,169,530,258,530,169,530,271,530,411,530,234,530,367,530,486,530,351,530,574,530,749,530,464,530,732,530,989,530,567,530,923,530,1214
g05_60.9.mc,533,37,533,75,533,102,533,80,533,172,533,232,533,124,533,226,533,273,533,156,533,270,533,402,533,250,533,390,533,598,533,325,533,533,533,824,533,380,533,704,533,1024
g05_80.0.mc,929,55,929,80,929,104,929,113,929,172,929,204,929,162,929,267,929,319,929,224,929,365,929,479,929,317,929,534,929,714,929,374,929,659,929,852,929,493,929,816,929,1143
g05_80.1.mc,941,37,941,62,941,88,941,76,941,126,941,176,941,119,941,193,941,260,941,148,941,247,941,361,941,228,941,379,941,525,941,305,941,501,941,713,941,372,941,635,941,872
g05_80.2.mc,934,62,934,87,934,119,934,122,934,214,934,237,934,164,934,240,934,368,934,229,934,359,934,496,934,333,934,568,934,709,934,466,934,688,934,941,934,549,934,868,934,1181
g05_80.3.mc,923,52,923,73,923,133,923,110,923,159,923,257,923,163,923,244,923,377,923,202,923,346,923,469,923,302,923,497,923,738,923,418,923,683,923,1002,923,516,923,945,923,1233
g05_80.4.mc,932,51,932,79,932,117,932,95,932,172,932,218,932,169,932,242,932,319,932,229,932,322,932,435,932,310,932,496,932,641,932,403,932,656,932,838,932,515,932,767,932,1065
g05_80.5.mc,926,60,926,122,926,106,926,123,926,189,926,265,926,173,926,284,926,369,926,212,926,415,926,527,926,357,926,508,926,736,926,480,926,743,926,997,926,594,926,888,926,1213
g05_80.6.mc,929,52,929,99,929,95,929,101,929,171,929,242,929,159,929,231,929,312,929,204,929,309,929,444,929,301,929,505,929,613,929,407,929,686,929,853,929,521,929,853,929,1083
g05_80.7.mc,929,59,929,93,929,127,929,108,929,172,929,233,929,161,929,283,929,327,929,228,929,350,929,473,929,326,929,486,929,714,929,462,929,721,929,874,929,540,929,845,929,1153
g05_80.8.mc,925,57,925,89,925,137,925,120,925,243,925,264,925,160,925,288,925,455,925,233,925,372,925,505,925,380,925,538,925,776,925,478,925,769,925,1019,925,596,925,956,925,1340
g05_80.9.mc,923,57,923,98,923,98,923,106,923,174,923,268,923,165,923,258,923,369,923,204,923,337,923,459,923,303,923,564,923,673,923,392,923,639,923,874,923,510,923,848,923,1178
gka10b.mc,0,57,0,122,12,159,0,133,81,276,133,489,0,217,84,339,79,531,99,288,87,445,113,894,32,419,122,717,127,1141,0,470,133,1042,115,1560,54,736,97,1215,122,2032
gka10d.mc,19102,57,19102,84,19102,138,19102,114,19102,175,19102,216,19102,200,19102,266,19102,354,19102,234,19102,376,19102,511,19102,348,19102,556,19102,777,19102,479,19102,768,19102,951,19102,584,19102,853,19102,1187
gka1a.mc,3414,42,3414,89,3414,90,3414,101,3414,167,3414,237,3414,125,3414,213,3414,304,3414,187,3414,313,3414,453,3414,291,3414,474,3414,631,3414,382,3414,613,3414,821,3414,488,3414,723,3414,1089
gka1b.mc,133,53,133,78,133,157,133,81,133,190,133,235,133,155,133,256,133,371,133,220,133,364,133,514,133,332,133,558,133,782,133,401,133,615,133,1005,133,498,133,913,133,1200
gka1c.mc,5058,35,5058,60,5058,85,5058,72,5058,124,5058,171,5058,106,5058,180,5058,256,5058,150,5058,240,5058,346,5058,210,5058,366,5058,512,5058,285,5058,485,5058,684,5058,354,5058,607,5058,859
gka1d.mc,6333,60,6333,103,6333,115,6333,142,6333,229,6333,266,6333,192,6333,266,6333,412,6333,279,6333,414,6333,559,6333,421,6333,621,6333,844,6333,557,6333,889,6333,1091,6333,730,6333,1039,6333,1367
gka1e.mc,16425,93,16437,119,16440,179,16458,201,16464,244,16458,354,16439,269,16458,450,16464,501,16439,404,16458,589,16464,703,16458,603,16464,960,16464,1107,16464,773,16464,1295,16464,1367,16453,1037,16458,1458,16464,1852
gka1f.mc,60857,231,61054,378,60987,412,60793,461,60729,614,60858,799,60954,670,61134,1020,60998,1213,60883,998,60965,1303,60977,1528,60928,1428,61082,1762,61087,2492,60990,1974,60942,2841,61176,3204,61086,2412,60999,3277,61093,3713
gka2a.mc,6063,42,6063,67,6063,109,6063,90,6063,144,6063,201,6063,149,6063,197,6063,301,6063,193,6063,308,6063,402,6063,261,6063,420,6063,568,6063,363,6063,614,6063,799,6063,450,6063,716,6063,965
gka2b.mc,121,47,118,80,121,131,121,127,121,226,121,224,121,175,121,318,121,395,121,247,121,349,121,497,121,341,121,540,121,803,121,447,121,753,121,1055,121,541,121,961,121,1358
gka2c.mc,6213,50,6213,71,6213,109,6213,99,6213,139,6213,215,6213,125,6213,213,6213,299,6213,174,6213,294,6213,405,6213,263,6213,447,6213,575,6213,380,6213,589,6213,779,6213,425,6213,719,6213,1000
gka2d.mc,6579,70,6579,115,6579,131,6579,148,6579,176,6579,258,6579,178,6579,329,6579,447,6579,269,6579,391,6579,518,6579,439,6579,583,6579,829,6579,558,6579,764,6579,1023,6579,652,6579,933,6579,1360
gka2e.mc,23395,89,23381,173,23360,204,23381,188,23381,268,23381,411,23372,288,23383,395,23395,546,23387,433,23395,585,23389,801,23381,557,23381,876,23381,1077,23395,861,23395,1163,23389,1406,23395,1049,23381,1452,23395,1750
gka2f.mc,99768,259,99758,412,99687,501,99604,644,99807,672,99714,794,99781,819,99636,980,99838,1166,99939,988,99635,1316,99757,1723,99780,1560,100062,2204,99647,2796,100033,2033,99876,2717,100072,3450,99882,2657,99892,3660,100115,4481
gka3a.mc,6035,54,6037,88,6037,109,6037,125,6037,215,6037,246,6037,196,6037,279,6037,359,6037,219,6037,368,6037,518,6037,421,6037,570,6037,782,6037,492,6037,773,6037,990,6037,618,6037,943,6037,1331
gka3b.mc,101,58,118,113,106,141,100,85,106,200,106,244,102,176,118,254,118,444,118,247,118,350,118,523,118,342,118,593,118,778,118,514,118,801,118,1024,106,502,118,967,118,1314
gka3c.mc,6665,43,6665,77,6665,121,6665,134,6665,149,6665,234,6665,140,6665,241,6665,369,6665,210,6665,329,6665,442,6665,309,6665,465,6665,695,6665,408,6665,658,6665,839,6665,524,6665,832,6665,1071
gka3d.mc,9247,68,9261,100,9261,108,9261,114,9261,191,9261,234,9261,175,9261,254,9261,371,9261,241,9261,384,9261,474,9261,372,9261,530,9261,659,9261,479,9261,723,9261,937,9261,632,9261,915,9261,1223
gka3e.mc,25227,137,25243,132,25243,208,25243,194,25243,310,25243,377,25243,338,25243,385,25243,491,25243,358,25243,563,25243,749,25243,618,25243,833,25243,1149,25243,771,25243,1194,25243,1620,25243,961,25243,1309,25243,2071
gka3f.mc,136720,251,137144,259,137689,518,137563,569,136749,763,137480,965,137209,774,137547,922,137635,1244,137215,953,137260,1285,137685,1626,137352,1394,137804,2150,137686,2705,137244,1772,137629,2832,137885,3083,137638,2411,137747,3373,137791,4233
gka4a.mc,8598,42,8598,76,8598,124,8598,115,8598,164,8598,234,8598,172,8598,286,8598,352,8598,216,8598,349,8598,447,8598,342,8598,504,8598,686,8598,453,8598,667,8598,906,8598,552,8598,876,8598,1188
gka4b.mc,129,51,118,102,103,152,104,94,117,175,129,294,90,150,118,298,117,412,106,221,99,371,118,592,129,340,129,549,118,790,118,438,129,734,129,1028,129,560,129,985,129,1467
gka4c.mc,7398,56,7398,95,7398,119,7398,104,7398,154,7398,224,7398,145,7398,270,7398,324,7398,207,7398,340,7398,454,7398,313,7398,464,7398,707,7398,435,7398,642,7398,924,7398,471,7398,804,7398,1086
gka4d.mc,10727,56,10727,83,10727,136,10727,120,10714,155,10727,251,10727,166,10727,281,10727,370,10727,263,10727,356,10727,483,10727,332,10727,567,10727,675,10727,449,10727,712,10727,1026,10727,562,10727,933,10727,1177
gka4e.mc,35578,101,35558,153,35558,155,35578,248,35559,276,35594,341,35594,318,35578,455,35594,546,35594,446,35578,611,35594,650,35594,604,35578,877,35594,1103,35594,785,35594,1241,35594,1449,35594,1052,35594,1458,35594,1810
gka4f.mc,172106,214,171706,355,171893,361,172082,588,172360,678,172434,871,171742,629,172339,1057,172355,974,172128,989,172034,1343,172324,1872,172189,1445,172383,2163,172491,2632,172330,1938,172725,2566,172392,3184,172695,2361,172494,3437,172481,4326
gka5a.mc,5737,54,5737,91,5737,114,5737,115,5737,189,5737,247,5737,157,5737,269,5737,316,5737,201,5737,360,5737,445,5737,300,5737,494,5737,718,5737,388,5737,712,5737,986,5737,489,5737,879,5737,1143
gka5b.mc,113,59,85,136,119,127,102,91,137,233,113,332,107,190,113,258,121,465,121,227,150,435,150,530,123,332,150,677,137,1008,121,465,150,842,150,1209,137,663,150,1105,150,1467
gka5c.mc,7362,63,7362,85,7362,119,7362,123,7362,223,7362,235,7362,162,7362,266,7362,397,7362,237,7362,399,7362,506,7362,352,7362,509,7362,811,7362,455,7362,712,7362,1038,7362,571,7362,918,7362,1223
gka5d.mc,11626,62,11604,107,11626,113,11604,133,11626,202,11626,241,11613,181,11626,278,11626,391,11626,242,11626,356,11626,505,11626,350,11613,592,11626,742,11626,545,11626,743,11626,988,11626,589,11626,962,11626,1265
gka5e.mc,35039,93,34999,107,35154,147,35109,232,35075,291,35154,367,35154,298,35075,406,35126,422,35154,376,35149,529,35154,727,35154,576,35154,759,35154,1154,35154,707,35154,1110,35154,1430,35154,1011,35154,1454,35154,1736
gka5f.mc,186789,255,188965,402,189146,410,189289,569,190185,884,189813,810,189668,651,189378,906,189869,1322,190327,1171,189214,1203,190502,1830,190275,1662,190216,2136,190375,2600,189767,1973,189454,2912,190289,3589,189571,2387,190148,3358,190398,4341
gka6a.mc,3980,36,3980,60,3980,86,3980,71,3980,122,3980,170,3980,107,3980,181,3980,258,3980,142,3980,244,3980,342,3980,217,3980,364,3980,515,3980,291,3980,483,3980,684,3980,357,3980,604,3980,856
gka6b.mc,71,74,85,94,103,152,74,121,119,269,146,339,113,165,119,356,129,453,128,263,110,439,100,523,118,333,133,646,117,855,146,476,119,869,133,1156,111,603,129,1060,146,1680
gka6c.mc,5824,62,5824,147,5824,124,5824,117,5824,227,5824,292,5824,203,5824,364,5824,423,5824,269,5824,409,5824,624,5824,412,5824,582,5824,934,5824,544,5824,871,5824,1059,5824,676,5824,1055,5824,1354
gka6d.mc,14207,68,14157,81,14207,108,14207,111,14207,169,14207,231,14207,188,14207,264,14207,336,14207,237,14207,328,14207,487,14207,333,14207,539,14207,722,14207,431,14207,694,14207,865,14207,583,14207,849,14207,1118
gka7a.mc,4541,35,4541,60,4541,86,4541,83,4541,131,4541,174,4541,108,4541,186,4541,263,4541,157,4541,255,4541,351,4541,226,4541,370,4541,526,4541,297,4541,500,4541,707,4541,361,4541,623,4541,875
gka7b.mc,79,73,124,100,97,108,77,121,125,256,115,321,119,180,101,329,160,445,115,210,160,405,97,564,98,344,119,725,160,946,122,459,148,950,160,1376,103,622,128,1188,148,1562
gka7c.mc,7225,54,7225,75,7225,103,7225,113,7225,196,7225,216,7225,166,7225,286,7225,431,7225,265,7225,350,7225,448,7225,359,7225,518,7225,786,7225,435,7225,685,7225,1033,7225,537,7225,944,7225,1237
gka7d.mc,14476,80,14476,91,14476,146,14476,122,14476,193,14476,244,14476,183,14476,259,14476,396,14476,231,14476,330,14476,439,14476,361,14476,591,14476,692,14476,527,14476,747,14476,1029,14476,621,14476,1007,14476,1287
gka8a.mc,11109,63,11109,101,11109,99,11109,108,11109,209,11109,252,11109,162,11109,328,11109,362,11109,248,11109,372,11109,458,11109,317,11109,564,11109,695,11109,468,11109,735,11109,1109,11109,605,11109,923,11109,1242
gka8b.mc,36,53,73,92,127,222,82,105,101,237,96,355,108,149,106,373,116,529,121,250,137,436,123,623,110,357,145,726,106,935,93,425,100,888,137,1251,118,605,116,1116,118,1663
gka8d.mc,16352,52,16352,113,16352,122,16352,150,16352,197,16352,264,16352,201,16352,281,16352,364,16352,233,16352,371,16352,518,16352,393,16352,600,16352,724,16352,525,16352,721,16352,978,16352,634,16352,968,16352,1335
gka9b.mc,38,70,101,133,108,146,70,124,67,259,105,387,61,189,94,349,87,564,81,267,116,494,99,641,85,379,104,764,112,997,112,467,102,969,107,1391,113,638,111,1219,120,1764
gka9d.mc,15647,51,15656,84,15656,98,15656,121,15656,184,15656,223,15656,170,15656,233,15656,315,15656,223,15656,390,15656,457,15656,352,15656,527,15656,678,15656,456,15656,679,15656,909,15656,566,15656,889,15656,1191
ising2.5-100_5555.mc,2440180,73,2451329,103,2456147,119,2449275,136,2460049,206,2453737,301,2448327,249,2457741,341,2460049,396,2451116,276,2454597,416,2452699,589,2460049,391,2457741,558,2457741,881,2460049,504,2457741,878,2457741,1105,2456147,693,2457741,963,2454597,1452
ising2.5-100_6666.mc,2015473,82,2013355,74,2031217,132,2031217,115,2008942,206,2014893,282,2016450,208,2018896,313,2031217,442,2031217,282,2031217,428,2018896,631,2018896,351,2031217,654,2031217,936,2031217,541,2016450,824,2016778,1343,2031217,659,2031217,1082,2031217,1540
ising2.5-100_7777.mc,3349460,45,3342882,112,3350657,163,3363230,122,3341589,198,3363230,239,3352758,192,3363230,292,3354259,407,3348839,219,3354259,363,3355622,586,3355622,393,3351779,566,3355622,794,3356213,461,3352758,748,3352963,1091,3363230,636,3363230,968,3363230,1336
ising2.5-150_5555.mc,4333458,77,4347853,98,4331105,136,4343471,128,4350944,203,4340437,240,4344804,198,4345287,293,4343422,391,4345738,251,4345453,493,4341123,537,4353195,418,4348994,597,4356267,795,4354633,601,4343435,816,4353632,1165,4343544,692,4350457,1055,4354277,1397
ising2.5-150_6666.mc,4007693,62,4025871,117,4041836,124,4024764,145,4025382,186,4031746,309,4045461,188,4029567,317,4045986,426,4057153,320,4032441,424,4048673,636,4024762,376,4048936,566,4037311,850,4031651,499,4045461,835,4046999,1192,4057153,644,4045986,980,4040635,1473
ising2.5-150_7777.mc,4228675,70,4225111,139,4238700,157,4223996,155,4213059,283,4224499,412,4219733,231,4227282,423,4236174,580,4228675,336,4228172,508,4242788,780,4236251,503,4239486,644,4239186,1117,4240860,564,4225564,910,4240077,1214,4242184,770,4236046,1248,4238485,1786
ising2.5-200_5555.mc,6278791,66,6257688,136,6275174,153,6281542,130,6261298,230,6262499,366,6242089,200,6272902,350,6268098,469,6258795,295,6280101,419,6264911,611,6268901,494,6266802,738,6268724,940,6269248,588,6270727,960,6278585,1273,6276015,737,6285473,1159,6271882,1532
ising2.5-200_6666.mc,6750340,67,6745954,100,6757033,133,6765372,126,6765825,255,6769841,256,6754789,222,6764219,278,6787313,431,6764520,295,6783681,418,6786535,563,6751239,424,6757312,676,6771998,891,6765504,588,6771511,953,6795365,1157,6760623,699,6795365,1040,6780595,1541
ising2.5-200_7777.mc,5524330,60,5516969,161,5512539,162,5531381,123,5534096,234,5537272,307,5511559,190,5515807,297,5545738,395,5535425,287,5532949,454,5559260,595,5531068,446,5544949,682,5539363,852,5527772,582,5539893,886,5551752,1287,5522555,666,5543749,1087,5544552,1463
ising2.5-250_5555.mc,7838833,58,7864131,109,7853828,187,7852696,133,7884255,272,7859660,251,7847015,237,7870570,342,7886599,452,7863988,277,7879006,510,7879736,774,7888552,461,7868838,753,7894317,1010,7867915,595,7875173,868,7880607,1322,7882807,748,7855284,1174,7877004,1714
ising2.5-250_6666.mc,6895368,68,6870860,100,6846223,152,6884398,146,6892186,190,6886772,315,6873220,209,6888078,350,6900272,391,6883291,309,6883044,402,6906440,571,6884722,463,6893032,755,6883613,888,6877031,593,6895914,846,6888742,1088,6889977,755,6897693,1108,6892588,1465
ising2.5-250_7777.mc,6533611,65,6522063,111,6544145,144,6545116,143,6560325,207,6582807,362,6547768,214,6537930,340,6572424,452,6567048,285,6539347,407,6567138,685,6520571,425,6562218,727,6558077,944,6561231,556,6545387,924,6566465,1220,6556486,702,6562949,1112,6552954,1592
ising2.5-300_5555.mc,8484347,72,8501545,114,8498610,151,8515690,155,8496199,251,8505818,274,8515552,243,8542328,346,8512186,483,8525572,290,8511163,539,8515268,566,8513878,447,8537378,707,8536903,1001,8539550,605,8547228,895,8515608,1332,8529034,724,8517419,1165,8542891,1605
ising2.5-300_6666.mc,8991237,85,8968357,110,8960577,135,9012766,135,8992225,211,8997926,374,9025451,236,9056511,363,9027304,496,9004298,327,9042302,466,9038334,620,9057607,406,9025962,685,9056747,1043,9040212,574,9044761,915,9039253,1317,9031769,778,9071177,1167,9040175,1722
ising2.5-300_7777.mc,8259265,61,8290786,131,8255280,173,8277867,172,8242022,356,8249455,361,8274383,250,8284546,398,8261733,478,8268941,306,8280166,519,8272918,691,8251475,515,8288439,859,8293937,1125,8262741,654,8285144,1037,8283825,1368,8277842,856,8268572,1311,8293867,2039
ising3.0-100_5555.mc,2440894,72,2448189,78,2444140,167,2441684,135,2440565,243,2446174,264,2440894,212,2440894,335,2437555,449,2440565,289,2448189,424,2447263,560,2447263,462,2448189,660,2446174,831,2448189,564,2448189,800,2448189,1025,2448189,742,2448189,1140,2448189,1415
ising3.0-100_6666.mc,1979584,77,1971935,118,1976400,159,1967647,130,1976879,238,1980555,260,1980555,194,1984099,378,1976447,499,1972322,258,1979650,429,1980285,740,1979299,469,1979650,657,1979650,936,1980555,576,1980555,912,1980555,1224,1984099,674,1984099,1171,1984099,1534
ising3.0-100_7777.mc,3316619,50,3316811,100,3326312,115,3328814,106,3319101,185,3333735,239,3313899,201,3333735,280,3335814,382,3323577,215,3330840,364,3327990,583,3324229,371,3335814,544,3335814,762,3332073,450,3326312,733,3333735,1077,3335814,577,3335814,966,3335814,1307
ising3.0-150_5555.mc,4248168,91,4254724,102,4271573,158,4257284,149,4256742,231,4265391,369,4261244,203,4271791,363,4274345,480,4268422,288,4267029,525,4264955,612,4271580,431,4275237,677,4271465,1091,4267476,593,4260179,983,4274288,1269,4271207,744,4270972,1117,4268845,1576
ising3.0-150_6666.mc,3918246,58,3920143,96,3920174,190,3930521,125,3923319,177,3927213,371,3934163,191,3932773,349,3937111,427,3934163,257,3932600,483,3935551,650,3947394,397,3947407,696,3942358,866,3944008,459,3941160,897,3949317,1191,3941201,681,3945183,1016,3941295,1491
ising3.0-150_7777.mc,4191492,105,4199075,119,4202004,180,4205866,192,4205866,256,4191135,312,4186171,220,4204853,364,4196562,552,4206524,333,4199033,529,4205866,662,4201396,454,4201590,675,4204853,917,4201361,620,4194169,924,4201365,1383,4195619,764,4204904,1313,4202595,1765
ising3.0-200_5555.mc,6176815,69,6165089,100,6192665,163,6179764,137,6174481,240,6187831,316,6202463,205,6184812,336,6196221,456,6200537,340,6192945,477,6193617,598,6190904,469,6201444,689,6200844,839,6203137,656,6206812,886,6189587,1189,6203124,702,6191295,1202,6196609,1561
ising3.0-200_6666.mc,6726212,61,6713982,120,6727183,172,6720794,126,6728942,268,6729289,321,6734647,203,6715823,343,6730679,469,6737134,279,6736013,483,6728850,671,6727840,404,6738422,669,6726983,998,6736703,580,6739135,985,6745176,1289,6730001,661,6730993,1130,6741221,1486
ising3.0-200_7777.mc,5518171,81,5513857,133,5530973,164,5530249,140,5538290,206,5527380,331,5515974,227,5532842,385,5524946,479,5542092,306,5529729,495,5541133,734,5538701,513,5546124,696,5547723,1005,5543522,653,5533573,1076,5542642,1401,5530493,797,5537891,1209,5549014,1879
ising3.0-250_5555.mc,7742003,81,7735602,115,7759959,209,7760124,197,7787334,329,7766602,387,7786089,220,7754721,439,7770905,585,7772185,304,7773396,552,7774607,688,7772316,495,7780076,870,7770215,1213,7790044,717,7779726,1170,7800785,1427,7790203,885,7786018,1613,7787319,1870
ising3.0-250_6666.mc,6857684,105,6847454,101,6842400,150,6854924,154,6850935,258,6857074,362,6851083,249,6867729,410,6862850,526,6852340,298,6857325,495,6869550,753,6884899,494,6869898,762,6890246,1096,6871348,633,6869452,1057,6866538,1420,6864293,809,6889784,1231,6881104,1581
ising3.0-250_7777.mc,6339205,99,6376095,208,6356768,217,6395888,177,6388746,240,6395494,440,6384760,270,6395764,329,6390038,561,6392854,324,6378748,498,6405129,697,6376152,471,6392856,901,6387220,1133,6378307,614,6382237,1103,6410100,1680,6381030,842,6404906,1321,6395678,1894
ising3.0-300_5555.mc,8450072,140,8402712,114,8422014,162,8397565,123,8452279,255,8414566,347,8424809,266,8417455,411,8435238,508,8429664,326,8447700,559,8431155,679,8467775,496,8439180,790,8441164,1107,8449800,698,8447191,1110,8436667,1474,8455718,833,8459140,1253,8444122,1797
ising3.0-300_6666.mc,8800149,77,8822397,135,8867202,188,8813052,160,8854581,299,8842330,410,8869309,220,8870330,391,8876187,548,8878220,330,8836027,507,8877099,653,8863283,459,8885560,833,8850277,1010,8836947,700,8844958,984,8876391,1444,8859855,785,8868858,1421,8861626,1879
ising3.0-300_7777.mc,8192797,84,8168154,115,8213247,175,8192246,186,8191512,232,8198988,350,8187799,269,8189093,391,8218662,515,8206983,352,8217016,562,8212545,718,8202764,515,8196269,793,8223161,1202,8214562,743,8227959,1102,8206702,1483,8215670,850,8216030,1249,8216740,1725
mannino_k48.mc,252518838,39,252518838,63,252518838,89,252518838,74,252518838,121,252518838,173,252518838,107,252518838,185,252518838,259,252518838,152,252518838,243,252518838,347,252518838,220,252518838,367,252518838,517,252518838,291,252518838,492,252518838,683,252518838,363,252518838,613,252518838,866
mannino_k487a.mc,1106519,326,1105944,546,1102965,526,1106213,641,1105852,853,1105516,1339,1104739,845,1106489,1280,1107054,1881,1106829,1313,1106702,1923,1108185,2536,1106697,1878,1107326,2703,1107174,3653,1104834,2321,1109218,3719,1107473,4856,1106973,3041,1107309,4596,1108066,6405
mannino_k487b.mc,3635180,381,3625250,705,3632420,945,3635520,816,3643165,1375,3625800,1861,3633650,1204,3634830,1771,3641360,2838,3627095,1625,3634545,2399,3638735,3694,3638960,2381,3638035,3610,3637330,5181,3631225,3351,3637720,5279,3639415,7234,3635135,4127,3641540,6772,3639980,9049
mannino_k487c.mc,8616620,391,8620360,742,8615255,849,8606405,769,8614215,1164,8609665,1755,8601620,1219,8614275,1895,8604445,2596,8597755,1705,8606330,2813,8610275,3518,8603430,2171,8615075,4228,8619355,5476,8607335,2994,8618485,5550,8612120,6606,8617020,4173,8614655,6594,8620685,8545
pm1d_100.0.mc,340,62,339,102,339,132,340,112,339,172,340,214,339,174,340,292,340,359,340,230,340,439,339,508,340,349,340,606,340,758,340,493,340,795,340,1056,340,626,340,983,340,1351
pm1d_100.1.mc,324,88,324,107,324,143,324,98,324,186,324,269,324,185,324,342,324,375,324,225,324,409,324,499,324,343,324,583,324,822,324,461,324,818,324,966,324,583,324,1004,324,1396
pm1d_100.2.mc,389,61,389,101,389,117,388,112,389,230,389,289,389,172,389,318,389,465,389,246,389,421,389,583,389,337,389,619,389,830,389,478,389,826,389,1164,389,647,389,985,389,1365
pm1d_100.3.mc,400,55,400,100,400,117,398,105,400,186,400,260,400,164,400,266,400,364,400,231,400,336,400,464,400,325,400,509,400,691,400,413,400,674,400,1024,400,548,400,848,400,1172
pm1d_100.4.mc,363,50,363,112,363,152,363,130,363,246,363,288,363,194,363,323,363,385,363,267,363,424,363,526,363,424,363,652,363,881,363,561,363,800,363,1066,363,703,363,1032,363,1278
pm1d_100.5.mc,441,62,441,104,441,135,441,101,441,168,441,301,441,187,441,320,441,391,440,253,441,421,441,508,441,342,441,545,441,901,441,486,441,790,441,1039,441,597,441,985,441,1359
pm1d_100.6.mc,366,55,367,90,366,128,367,105,367,171,367,249,366,182,366,255,367,370,366,230,367,415,367,535,367,342,367,567,367,779,367,420,367,730,367,1026,367,509,367,881,367,1264
pm1d_100.7.mc,361,53,361,107,361,122,361,135,361,188,361,230,361,179,361,308,361,355,361,251,361,363,361,507,361,355,361,529,361,732,361,511,361,813,361,1015,361,639,361,998,361,1262
pm1d_100.8.mc,385,46,385,69,385,97,385,99,385,151,385,206,385,135,385,230,385,284,385,172,385,323,385,409,385,271,385,454,385,596,385,405,385,575,385,805,385,462,385,736,385,971
pm1d_100.9.mc,405,75,405,112,405,127,405,125,405,190,405,281,405,191,405,325,405,409,405,265,405,414,405,641,405,377,405,655,405,882,405,510,405,837,405,1147,405,619,405,1093,405,1457
pm1d_80.0.mc,227,70,227,96,227,131,227,101,227,204,227,235,227,190,227,272,227,333,227,226,227,389,227,517,227,344,227,542,227,766,227,495,227,777,227,1017,227,579,227,944,227,1318
pm1d_80.1.mc,245,57,245,99,245,119,245,119,245,193,245,230,245,183,245,238,245,414,245,203,245,366,245,492,245,304,245,572,245,716,245,457,245,785,245,965,245,595,245,947,245,1311
pm1d_80.2.mc,284,67,284,107,284,166,284,137,284,189,284,276,284,207,284,309,284,417,284,260,284,369,284,550,284,390,284,623,284,901,284,500,284,777,284,1134,284,609,284,1018,284,1372
pm1d_80.3.mc,291,71,291,77,291,106,291,99,291,141,291,210,291,144,291,235,291,346,291,219,291,333,291,460,291,353,291,499,291,664,291,413,291,652,291,834,291,546,291,859,291,1086
pm1d_80.4.mc,248,58,249,76,251,108,248,103,249,177,248,230,249,151,251,269,251,402,248,187,251,361,251,488,249,314,249,484,251,792,251,409,249,665,251,944,249,497,251,849,251,1117
pm1d_80.5.mc,240,51,242,107,242,136,242,113,242,194,242,253,242,177,242,292,242,370,242,216,242,329,242,505,242,338,242,561,242,768,242,455,242,802,242,1067,242,579,242,933,242,1261
pm1d_80.6.mc,205,50,205,99,205,120,205,93,205,192,205,240,205,175,205,254,205,356,205,238,205,311,205,482,205,349,205,559,205,721,205,428,205,713,205,948,205,532,205,824,205,1161
pm1d_80.7.mc,249,52,249,91,249,114,249,105,249,175,249,234,249,171,249,247,249,367,249,235,249,365,249,472,249,336,249,581,249,759,249,449,249,735,249,994,249,555,249,941,249,1215
pm1d_80.8.mc,293,52,293,95,293,161,293,107,293,192,293,280,293,178,293,294,293,393,293,217,293,422,293,541,293,329,293,535,293,771,293,409,293,769,293,1101,293,556,293,875,293,1314
pm1d_80.9.mc,258,41,258,87,258,99,258,99,258,167,258,203,258,139,258,254,258,335,258,208,258,331,258,473,258,264,258,487,258,683,258,366,258,689,258,916,258,468,258,807,258,1137
pm1s_100.0.mc,127,48,127,100,127,132,127,106,127,165,127,255,127,162,127,318,127,385,127,236,127,370,127,519,127,330,127,599,127,792,127,461,127,789,127,1022,127,584,127,984,127,1430
pm1s_100.1.mc,126,51,126,104,126,140,126,96,126,158,126,226,126,154,126,252,126,322,126,222,126,340,126,463,126,302,126,533,126,717,126,416,126,655,126,893,126,512,126,821,126,1132
pm1s_100.2.mc,125,52,125,76,125,108,125,110,125,175,125,242,125,174,125,254,125,346,125,224,125,368,125,491,125,366,125,528,125,695,125,483,125,698,125,923,125,592,125,889,125,1119
pm1s_100.3.mc,111,46,111,84,111,122,111,113,111,204,111,252,111,147,111,272,111,316,111,206,111,348,111,427,111,317,111,510,111,725,111,426,111,678,111,897,111,567,111,874,111,1121
pm1s_100.4.mc,128,59,128,85,128,128,128,114,128,168,128,262,128,151,128,261,128,387,128,224,128,362,128,481,128,312,128,534,128,751,128,454,128,727,128,978,128,539,128,903,128,1302
pm1s_100.5.mc,128,66,128,110,128,132,128,108,128,176,128,300,128,188,128,269,128,421,128,253,128,389,128,578,128,376,128,645,128,886,128,509,128,865,128,1200,128,649,128,984,128,1429
pm1s_100.6.mc,122,51,122,88,122,115,122,111,122,170,122,210,122,139,122,265,122,348,122,211,122,325,122,494,122,336,122,468,122,721,122,430,122,762,122,949,122,576,122,831,122,1112
pm1s_100.7.mc,112,53,112,88,112,105,112,117,112,180,112,234,112,168,112,229,112,362,112,219,112,319,112,418,112,332,112,481,112,617,112,444,112,674,112,865,112,507,112,835,112,1065
pm1s_100.8.mc,120,50,120,80,120,142,120,113,120,178,120,248,120,160,120,278,120,358,120,239,120,347,120,541,120,324,120,579,120,714,120,435,120,761,120,974,120,575,120,906,120,1300
pm1s_100.9.mc,127,45,127,69,127,89,127,88,127,141,127,187,127,149,127,216,127,283,127,176,127,285,127,394,127,260,127,442,127,603,127,361,127,588,127,740,127,472,127,697,127,966
pm1s_80.0.mc,78,39,78,67,79,90,78,78,78,131,78,180,78,121,79,216,78,283,79,173,79,256,78,358,79,256,78,396,79,563,79,332,79,525,79,742,79,406,79,666,79,922
pm1s_80.1.mc,85,42,85,76,85,98,85,91,85,170,85,226,85,151,85,230,85,356,85,201,85,371,85,474,85,288,85,499,85,668,85,427,85,663,85,857,85,522,85,845,85,1084
pm1s_80.2.mc,82,47,82,77,82,95,82,98,82,139,82,203,82,149,82,225,82,313,82,202,82,313,82,409,82,317,82,464,82,600,82,403,82,622,82,808,82,508,82,770,82,1043
pm1s_80.3.mc,81,44,81,81,81,132,81,94,81,165,81,231,81,147,81,233,81,329,81,189,81,340,81,423,81,284,81,507,81,604,81,398,81,625,81,881,81,496,81,770,81,1102
pm1s_80.4.mc,70,51,70,71,70,107,70,90,70,169,70,216,70,140,70,261,70,317,70,215,70,360,70,422,70,287,70,466,70,662,70,370,70,639,70,866,70,514,70,798,70,1091
pm1s_80.5.mc,87,59,87,81,87,98,87,110,87,181,87,196,87,137,87,245,87,375,87,208,87,358,87,450,87,314,87,474,87,691,87,407,87,653,87,875,87,509,87,796,87,1140
pm1s_80.6.mc,73,43,73,85,73,114,73,100,73,153,73,267,73,135,73,259,73,336,73,204,73,317,73,445,73,288,73,448,73,672,73,417,73,683,73,925,73,480,73,804,73,1070
pm1s_80.7.mc,82,44,82,68,82,99,83,84,83,138,83,200,83,131,83,210,82,278,83,161,83,301,83,390,83,260,83,442,83,575,83,349,83,582,83,789,83,437,83,720,83,993
pm1s_80.8.mc,81,47,81,71,81,95,81,81,81,145,81,193,81,123,81,211,81,301,81,164,81,284,81,407,81,273,81,418,81,577,81,386,81,551,81,764,81,454,81,747,81,981
pm1s_80.9.mc,70,46,70,77,70,113,70,81,70,130,70,213,70,131,70,222,70,283,70,179,70,276,70,407,70,270,70,443,70,628,70,362,70,558,70,831,70,428,70,735,70,986
pw01_100.0.mc,2013,68,2013,95,2014,145,2013,123,2013,202,2014,289,2015,182,2019,273,2016,408,2019,269,2015,375,2019,616,2015,349,2016,610,2019,784,2019,491,2019,809,2016,1100,2014,605,2014,1104,2019,1309
pw01_100.1.mc,2060,60,2060,121,2060,146,2060,119,2060,194,2060,264,2060,178,2060,248,2060,388,2060,237,2060,416,2060,494,2060,364,2060,567,2060,701,2060,451,2060,745,2060,1026,2060,592,2060,1021,2060,1187
pw01_100.2.mc,2032,60,2032,132,2031,126,2032,145,2032,242,2032,280,2032,189,2032,329,2032,452,2032,272,2032,432,2032,632,2032,423,2032,698,2032,928,2032,517,2032,918,2032,1217,2032,650,2032,1147,2032,1498
pw01_100.3.mc,2063,87,2067,90,2067,132,2067,114,2063,198,2067,282,2067,205,2067,252,2067,484,2067,233,2067,362,2067,484,2067,376,2067,588,2067,747,2067,529,2067,857,2067,1064,2067,630,2067,936,2067,1319
pw01_100.4.mc,2039,79,2039,85,2039,142,2039,110,2039,188,2039,294,2039,171,2039,276,2039,360,2039,237,2039,351,2039,454,2039,344,2039,582,2039,751,2039,469,2039,738,2039,977,2039,605,2039,945,2039,1225
pw01_100.5.mc,2108,61,2108,88,2108,121,2108,125,2108,182,2108,236,2108,166,2108,273,2108,389,2108,229,2108,415,2108,510,2108,365,2108,525,2108,739,2108,487,2108,749,2108,992,2108,606,2108,939,2108,1205
pw01_100.6.mc,2029,64,2032,80,2032,136,2032,131,2032,224,2032,318,2032,171,2032,353,2032,422,2032,253,2032,425,2032,563,2032,395,2032,696,2032,932,2032,539,2032,832,2032,1338,2032,666,2032,1215,2032,1488
pw01_100.7.mc,2074,70,2074,104,2074,137,2074,117,2074,192,2074,293,2072,148,2074,324,2074,415,2074,236,2074,435,2074,506,2074,361,2074,566,2074,799,2074,474,2074,803,2074,983,2074,595,2074,945,2074,1310
pw01_100.8.mc,2022,59,2022,85,2022,122,2022,97,2022,169,2022,233,2022,162,2022,244,2022,332,2022,238,2022,374,2022,459,2022,363,2022,512,2022,698,2022,442,2022,711,2022,894,2022,595,2022,824,2022,1077
pw01_100.9.mc,2003,70,2005,108,2005,179,2005,104,2005,181,2003,254,1999,181,2005,313,2003,508,2005,237,2005,388,2005,608,2005,357,2005,642,2003,821,2005,524,2005,913,2005,1214,2005,628,2003,1104,2005,1521
pw05_100.0.mc,8190,60,8190,126,8190,125,8190,121,8190,205,8190,301,8189,184,8190,282,8190,406,8190,251,8190,407,8190,526,8190,362,8190,646,8190,872,8190,522,8190,823,8190,1057,8190,615,8190,910,8190,1271
pw05_100.1.mc,8040,70,8045,105,8045,139,8045,142,8045,249,8045,320,8045,185,8045,378,8045,491,8042,314,8045,493,8045,675,8045,425,8045,711,8045,953,8045,516,8045,939,8045,1308,8045,678,8045,1235,8045,1574
pw05_100.2.mc,8028,74,8039,134,8039,143,8028,135,8039,231,8039,276,8028,201,8039,306,8039,472,8039,303,8039,469,8039,553,8039,402,8039,655,8039,903,8039,546,8039,849,8039,1247,8039,678,8039,1140,8039,1412
pw05_100.3.mc,8139,51,8139,85,8139,107,8139,132,8139,197,8139,251,8139,177,8139,271,8139,370,8139,235,8139,335,8139,484,8139,363,8139,542,8139,709,8139,488,8139,706,8139,921,8139,604,8139,925,8139,1213
pw05_100.4.mc,8120,54,8120,93,8120,130,8125,127,8125,224,8125,246,8120,177,8125,321,8125,380,8125,266,8125,376,8125,526,8120,366,8125,658,8125,858,8120,485,8125,837,8125,1205,8125,626,8125,1016,8125,1427
pw05_100.5.mc,8169,76,8169,121,8169,139,8169,141,8169,212,8169,301,8169,223,8169,347,8169,386,8169,289,8169,459,8169,530,8169,412,8169,653,8169,829,8169,600,8169,854,8169,1082,8169,692,8169,1117,8169,1437
pw05_100.6.mc,8210,85,8208,92,8213,125,8209,119,8213,200,8217,313,8210,220,8217,297,8217,423,8217,264,8217,442,8217,612,8217,404,8217,691,8217,903,8217,550,8217,916,8217,1220,8217,655,8217,1022,8217,1486
pw05_100.7.mc,8245,74,8245,121,8245,143,8249,119,8245,194,8249,288,8245,200,8249,301,8249,449,8249,224,8249,405,8249,595,8249,418,8249,612,8249,877,8249,546,8249,868,8249,1158,8249,644,8249,1088,8249,1524
pw05_100.8.mc,8199,64,8199,89,8199,124,8199,133,8199,175,8199,291,8199,171,8199,282,8199,392,8199,246,8199,395,8199,507,8199,381,8199,640,8199,826,8199,487,8199,781,8199,1060,8199,580,8199,977,8199,1400
pw05_100.9.mc,8099,50,8099,109,8099,111,8099,115,8099,190,8099,262,8099,178,8099,304,8099,342,8099,218,8099,356,8099,442,8099,370,8099,564,8099,655,8099,480,8099,700,8099,963,8099,594,8099,869,8099,1126
pw09_100.0.mc,13585,70,13585,114,13585,125,13585,144,13585,192,13585,281,13585,172,13585,315,13585,378,13585,253,13585,365,13585,576,13585,438,13585,624,13585,722,13585,497,13585,786,13585,1012,13585,671,13585,1039,13585,1384
pw09_100.1.mc,13411,63,13417,112,13417,166,13417,125,13417,248,13417,311,13417,227,13417,364,13413,447,13417,270,13417,436,13417,618,13417,493,13417,708,13417,889,13417,548,13417,950,13417,1299,13417,693,13417,1108,13417,1474
pw09_100.2.mc,13461,58,13461,104,13461,107,13461,117,13461,178,13461,232,13461,204,13461,321,13461,405,13461,270,13461,386,13461,564,13461,404,13461,625,13461,758,13461,476,13461,835,13461,1066,13461,673,13461,1054,13461,1328
pw09_100.3.mc,13656,75,13656,100,13656,166,13656,139,13656,212,13656,281,13656,191,13656,323,13656,447,13656,269,13656,387,13656,558,13656,417,13656,596,13656,770,13656,544,13656,839,13656,1052,13656,649,13656,1084,13656,1358
pw09_100.4.mc,13512,70,13512,105,13514,141,13514,137,13514,226,13514,344,13514,200,13514,304,13512,405,13512,265,13512,412,13514,549,13512,432,13514,611,13514,984,13514,545,13514,937,13514,1191,13514,650,13514,1137,13514,1564
pw09_100.5.mc,13574,58,13571,113,13573,144,13574,138,13574,208,13574,276,13574,210,13574,327,13574,503,13574,290,13574,410,13574,685,13574,421,13574,694,13574,988,13574,526,13574,944,13574,1322,13574,671,13574,1111,13574,1601
pw09_100.6.mc,13640,64,13618,100,13640,129,13640,129,13640,232,13640,308,13640,185,13640,304,13640,473,13640,253,13640,453,13640,652,13640,410,13640,722,13640,999,13640,485,13640,848,13640,1236,13640,668,13640,1148,13640,1606
pw09_100.7.mc,13495,75,13495,150,13495,124,13495,137,13495,229,13495,282,13495,201,13501,337,13501,395,13496,263,13495,431,13501,619,13495,353,13501,686,13497,884,13501,533,13497,823,13501,1165,13501,680,13501,1078,13501,1457
pw09_100.8.mc,13593,78,13590,118,13593,148,13590,155,13593,222,13593,294,13593,197,13593,316,13593,467,13593,288,13593,450,13593,589,13593,379,13593,701,13593,875,13593,562,13593,867,13593,1196,13593,696,13593,1062,13593,1492
pw09_100.9.mc,13658,57,13658,93,13658,134,13658,127,13658,182,13658,237,13658,173,13658,266,13658,397,13658,244,13658,393,13658,526,13658,360,13658,569,13658,812,13658,496,13658,832,13658,1071,13658,570,13658,941,13658,1251
sg3dl051000.mc,110,40,110,71,110,113,110,120,110,201,110,256,110,157,110,261,110,343,110,213,110,316,110,446,110,330,110,524,110,732,110,429,110,698,110,970,110,526,110,896,110,1241
sg3dl0510000.mc,112,58,112,92,112,131,112,114,112,184,112,255,112,163,112,242,112,439,112,215,112,357,112,515,112,293,112,539,112,754,112,413,112,724,112,1071,112,511,112,986,112,1184
sg3dl052000.mc,110,56,112,79,112,136,112,97,112,186,112,271,112,148,112,295,112,372,112,211,112,337,112,473,112,320,112,569,112,786,112,411,112,694,112,973,112,521,112,908,112,1249
sg3dl053000.mc,106,54,106,74,106,124,106,91,106,156,106,252,106,134,106,218,106,351,106,216,106,334,106,455,106,323,106,493,106,701,106,401,106,679,106,960,106,507,106,854,106,1185
sg3dl054000.mc,114,60,114,99,114,116,114,119,114,200,114,244,114,162,114,251,114,376,114,219,114,384,114,480,114,341,114,547,114,788,114,452,114,805,114,1019,114,603,114,923,114,1243
sg3dl055000.mc,112,49,112,85,112,125,112,105,112,158,112,247,112,150,112,238,112,346,112,205,112,335,112,454,112,306,112,517,112,693,112,410,112,664,112,971,112,522,112,791,112,1144
sg3dl056000.mc,110,69,110,88,110,115,110,122,110,172,110,225,110,156,110,253,110,360,110,217,110,341,110,454,110,346,110,508,110,738,110,402,110,702,110,956,110,511,110,866,110,1243
sg3dl057000.mc,110,58,110,76,112,151,110,106,112,180,112,245,112,153,112,270,112,350,112,251,112,334,112,476,112,321,112,525,112,754,112,415,112,724,112,1010,112,536,112,848,112,1222
sg3dl058000.mc,108,46,108,78,108,119,108,95,108,168,108,237,108,151,108,223,108,348,108,211,108,310,108,463,108,268,108,511,108,643,108,379,108,636,108,858,108,471,108,820,108,1082
sg3dl059000.mc,110,50,110,88,110,108,110,109,110,144,110,226,110,153,110,246,110,341,110,199,110,351,110,490,110,283,110,473,110,646,110,383,110,628,110,891,110,517,110,823,110,1185
sg3dl101000.mc,866,108,872,129,876,246,874,186,878,343,874,510,874,276,876,427,880,587,876,368,878,608,880,755,878,564,880,1063,882,1268,880,689,884,1259,880,1695,872,935,884,1542,882,2023
sg3dl1010000.mc,878,79,880,151,870,146,872,200,878,373,882,452,876,261,874,397,876,543,872,342,878,593,882,958,886,592,878,897,882,1225,880,777,882,1256,888,1660,878,976,880,1526,884,2168
sg3dl102000.mc,884,80,882,150,878,170,882,187,888,261,884,443,882,296,888,486,888,667,890,437,888,689,892,807,886,571,890,1019,890,1337,890,751,892,1249,890,1699,888,956,886,1618,894,2166
sg3dl103000.mc,872,108,874,168,870,218,868,169,872,335,876,500,868,293,872,381,876,590,874,367,878,645,878,803,870,559,874,958,876,1187,872,764,878,1254,878,1728,874,975,876,1528,878,2002
sg3dl104000.mc,872,92,882,145,886,207,890,229,896,376,884,384,884,269,888,419,890,620,888,383,890,683,884,754,890,639,888,912,892,1441,890,732,890,1301,892,1565,886,918,892,1742,892,2241
sg3dl105000.mc,874,103,870,149,870,183,862,181,864,275,874,422,868,280,866,452,878,652,870,433,870,614,876,956,878,602,874,1025,876,1347,870,740,876,1324,876,1613,872,884,876,1676,876,2147
sg3dl106000.mc,864,96,860,118,868,178,872,196,866,291,864,416,866,299,866,456,872,601,866,314,866,657,878,819,872,530,872,932,880,1491,874,768,878,1171,874,1714,872,990,874,1575,876,2211
sg3dl107000.mc,882,111,876,160,888,222,882,201,888,335,882,424,884,239,892,437,888,706,884,337,892,619,886,878,882,560,890,994,886,1208,882,762,884,1234,890,1752,888,913,884,1399,892,2065
sg3dl108000.mc,862,95,862,173,860,201,866,151,866,318,868,406,866,295,872,561,870,741,864,374,870,592,868,835,866,602,872,877,872,1267,866,658,872,1233,872,1523,868,969,868,1576,876,2081
sg3dl109000.mc,882,125,884,164,884,307,880,194,884,293,880,420,876,295,888,470,888,688,884,351,884,615,888,853,888,571,888,882,888,1350,884,771,888,1259,886,1723,892,985,892,1600,894,2098
sg3dl141000.mc,2366,129,2374,198,2374,224,2390,259,2380,368,2386,539,2370,338,2384,538,2386,709,2374,398,2384,747,2386,1092,2386,634,2384,1118,2384,1473,2378,921,2394,1451,2392,1874,2372,1193,2388,1776,2398,2497
sg3dl1410000.mc,2378,112,2384,173,2378,237,2380,261,2386,410,2398,498,2390,349,2398,603,2400,713,2390,419,2396,820,2412,1107,2382,701,2394,1120,2402,1481,2384,880,2404,1495,2410,1803,2386,1115,2390,1701,2408,2591
sg3dl142000.mc,2372,121,2386,164,2402,227,2388,243,2392,316,2398,434,2396,361,2414,565,2404,818,2396,428,2406,799,2418,1005,2412,649,2406,1159,2406,1620,2402,827,2400,1613,2414,2082,2396,1161,2424,2016,2418,2506
sg3dl143000.mc,2376,106,2364,163,2390,318,2358,228,2376,284,2380,548,2378,343,2384,552,2382,739,2370,442,2378,736,2404,1088,2390,642,2378,1009,2394,1487,2374,877,2384,1523,2394,2013,2384,1109,2380,1828,2392,2439
sg3dl144000.mc,2378,127,2376,178,2390,313,2382,239,2412,378,2398,513,2398,386,2392,557,2400,762,2394,448,2390,725,2404,1076,2390,702,2396,1064,2402,1481,2392,931,2392,1517,2406,2174,2400,1133,2398,1914,2404,2364
sg3dl145000.mc,2368,103,2376,191,2388,259,2380,211,2382,358,2388,535,2382,282,2382,497,2394,767,2368,400,2384,828,2396,949,2378,618,2386,1082,2402,1597,2394,888,2390,1468,2400,1953,2380,1159,2394,1995,2398,2643
sg3dl146000.mc,2382,133,2378,156,2396,242,2382,227,2380,366,2396,532,2390,380,2394,601,2392,805,2382,412,2398,713,2408,1095,2400,648,2396,990,2398,1493,2388,826,2400,1496,2406,2035,2386,1111,2394,1845,2402,2672
sg3dl147000.mc,2368,108,2360,184,2388,291,2364,263,2374,356,2382,543,2368,346,2388,572,2400,722,2374,450,2378,670,2386,1041,2384,718,2388,1078,2386,1529,2380,863,2384,1400,2392,2021,2376,1083,2392,1855,2394,2675
sg3dl148000.mc,2380,119,2384,205,2378,225,2376,241,2374,360,2392,504,2370,271,2386,606,2380,764,2382,466,2386,691,2396,935,2394,596,2384,1040,2400,1369,2378,852,2396,1488,2398,2005,2376,1106,2394,1685,2402,2529
sg3dl149000.mc,2338,116,2354,198,2368,288,2350,205,2362,384,2368,447,2350,302,2356,548,2370,802,2356,471,2376,752,2368,919,2354,651,2364,1067,2376,1579,2366,832,2362,1345,2372,1925,2358,1099,2370,1828,2378,2444
t2g10_5555.mc,6049461,73,6033914,84,6049461,175,6033914,155,6040697,222,6049461,345,6049461,218,6049461,377,6049461,524,6049461,302,6049461,519,6049461,693,6049461,431,6049461,672,6049461,930,6049461,570,6049461,943,6049461,1302,6049461,725,6049461,1138,6049461,1620
t2g10_6666.mc,5757868,63,5757868,103,5757868,188,5757868,164,5757868,204,5757868,320,5757868,280,5757868,355,5757868,481,5757868,327,5757868,437,5757868,577,5757868,456,5757868,705,5757868,968,5757868,619,5757868,968,5757868,1278,5757868,787,5757868,1188,5757868,1624
t2g10_7777.mc,6509837,52,6509837,120,6509837,145,6509837,110,6509837,190,6509837,264,6509837,178,6509837,317,6509837,457,6509837,247,6509837,390,6509837,529,6509837,409,6509837,581,6509837,754,6509837,450,6509837,759,6509837,957,6509837,663,6509837,922,6509837,1313
t2g15_5555.mc,15044120,87,15051133,162,15015954,194,14921502,225,15051133,347,14998528,386,14931131,272,14993710,413,14972389,607,14936381,361,15000723,602,15015954,771,15051133,524,15051133,860,15051133,1286,15051133,788,15051133,1164,15051133,1568,15051133,954,15051133,1561,15051133,1990
t2g15_6666.mc,15657686,69,15763716,148,15631472,165,15620464,174,15654929,298,15662743,375,15735397,266,15724600,394,15763716,514,15744162,348,15709850,633,15752637,680,15746520,542,15751559,886,15752637,1111,15763716,738,15747507,1010,15746520,1541,15763716,864,15760697,1371,15763716,1907
t2g15_7777.mc,15150496,90,15216916,150,15243424,279,15238570,203,15224690,341,15236570,315,15174559,281,15228582,442,15253072,586,15172410,359,15248095,658,15245314,734,15223911,532,15258941,815,15250092,1123,15242240,707,15250092,1135,15246194,1586,15250092,986,15250092,1401,15249886,1981
t2g20_5555.mc,24746179,111,24642322,173,24692167,298,24528303,235,24664103,412,24638229,502,24608781,310,24683359,554,24703951,835,24655452,455,24640286,663,24793645,874,24778822,598,24697132,1047,24681231,1307,24634167,821,24710969,1456,24671769,1901,24668751,1043,24631375,1758,24795692,2232
t2g20_6666.mc,29126564,140,29073704,156,28950172,229,29197649,174,29027665,403,29017938,422,29054607,311,29183729,545,29149764,607,29141726,451,29037992,732,29281396,1017,29160563,567,29060042,983,29220791,1483,29155880,794,29143015,1310,29169819,1828,29140976,1043,29139936,1816,29156976,2231
t2g20_7777.mc,28021022,96,28140615,180,28104834,283,28215758,230,28203934,365,28198581,429,28120834,325,28178045,433,28249391,748,28156405,442,28238594,867,28081584,949,28199294,608,28230585,1107,28191327,1529,28085990,853,28125494,1345,28217489,1872,28273295,1121,28213834,1712,28270874,2347
t3g5_5555.mc,10933215,65,10933215,104,10933215,176,10933215,151,10933215,267,10933215,298,10933215,220,10933215,392,10933215,433,10933215,296,10933215,444,10933215,635,10933215,445,10933215,696,10933215,870,10933215,555,10933215,937,10933215,1239,10933215,751,10933215,1039,10933215,1574
t3g5_6666.mc,11419570,72,11582216,118,11582216,188,11582216,148,11582216,248,11582216,365,11582216,238,11582216,353,11582216,439,11582216,294,11582216,459,11582216,590,11582216,468,11582216,745,11582216,859,11582216,540,11582216,903,11582216,1248,11582216,747,11582216,1140,11582216,1563
t3g5_7777.mc,11543850,69,11552046,102,11552046,270,11552046,166,11552046,236,11552046,314,11552046,214,11552046,387,11552046,567,11552046,325,11552046,509,11552046,674,11552046,455,11552046,760,11552046,1046,11552046,610,11552046,1039,11552046,1513,11552046,764,11552046,1307,11552046,1588
t3g6_5555.mc,17413770,102,17400528,164,17434469,213,17434469,203,17391259,274,17425388,515,17348447,332,17434469,552,17434469,573,17400528,317,17434469,601,17425388,766,17345088,538,17434469,819,17425388,1082,17434469,724,17434469,1238,17434469,1603,17434469,854,17434469,1518,17434469,1989
t3g6_6666.mc,20214949,91,20163226,130,20168627,223,20129884,155,20175912,290,20189700,464,20206994,271,20163226,381,20160672,549,20131704,401,20217380,561,20173612,828,20148460,565,20163621,792,20189700,1111,20151668,670,20163226,1031,20206994,1498,20156327,943,20189700,1389,20171181,2141
t3g6_7777.mc,19405735,74,19356566,140,19440707,180,19408464,168,19465383,304,19392826,346,19381015,261,19388052,407,19465383,578,19475011,311,19475011,577,19413164,843,19399444,569,19475011,947,19454087,1185,19385038,692,19434071,967,19465383,1488,19443699,887,19454087,1547,19475011,2126
t3g7_5555.mc,27725145,119,28248503,171,28194969,267,28263046,159,28148023,295,28241429,462,28263046,320,28232672,484,28241429,771,28148169,360,28241429,572,28268065,887,28255972,548,28268065,880,28248503,1471,28104296,741,28234826,1183,28255431,1741,28227965,1017,28263046,1758,28255972,2255
t3g7_6666.mc,33567306,131,33277578,160,33578669,246,33585071,192,33366356,336,33587997,457,33310860,290,33362609,442,33432219,641,33508876,403,33585071,610,33585071,842,33416193,531,33518158,948,33592088,1319,33532210,765,33565178,1156,33611981,1857,33594216,990,33611981,1665,33594216,1992
t3g7_7777.mc,28652535,103,28797909,163,28780621,151,28841527,213,28886634,344,28835322,438,28963982,242,28956942,441,28979448,627,28856185,384,28950528,707,28867129,798,28940785,567,29023126,893,29017402,1146,29056737,765,28934322,1162,28960992,1715,28926440,921,28939059,1452,29044318,2166
w01_100.0.mc,651,56,651,77,651,105,651,136,651,180,651,252,651,176,651,246,651,360,651,226,651,383,651,489,651,329,651,537,651,754,651,461,651,696,651,958,651,575,651,879,651,1257
w01_100.1.mc,719,59,719,102,719,127,719,129,719,189,719,269,719,178,719,281,719,348,719,242,719,419,719,529,719,404,719,582,719,804,719,506,719,817,719,1063,719,615,719,945,719,1247
w01_100.2.mc,670,75,672,113,676,144,676,100,676,221,674,291,676,183,676,342,676,446,670,236,676,390,676,613,674,362,676,584,676,870,676,552,676,884,676,1253,676,694,676,1077,676,1558
w01_100.3.mc,812,62,812,86,812,124,813,105,813,204,813,302,812,179,813,338,813,422,813,202,813,383,813,549,813,347,813,625,813,817,813,492,813,779,813,1174,813,620,813,1030,813,1280
w01_100.4.mc,668,64,668,88,668,128,668,135,668,191,668,235,668,211,668,303,668,359,668,249,668,371,668,514,668,389,668,600,668,729,668,511,668,721,668,1006,668,682,668,906,668,1185
w01_100.5.mc,643,55,643,88,643,114,643,126,643,196,643,239,643,186,643,274,643,379,643,213,643,369,643,514,643,332,643,582,643,783,643,467,643,693,643,1005,643,552,643,914,643,1218
w01_100.6.mc,654,65,654,95,654,142,654,108,654,158,654,221,654,181,654,282,654,406,654,246,654,376,654,443,654,324,654,529,654,741,654,439,654,753,654,971,654,591,654,904,654,1155
w01_100.7.mc,725,57,725,105,725,148,725,120,725,229,725,264,725,196,725,316,725,369,725,262,725,429,725,563,725,367,725,545,725,800,725,529,725,830,725,1082,725,665,725,1000,725,1326
w01_100.8.mc,721,61,721,101,721,145,721,107,721,188,721,335,721,166,721,305,721,383,721,239,721,349,721,583,721,321,721,537,721,757,721,474,721,766,721,1003,721,588,721,946,721,1293
w01_100.9.mc,729,53,729,136,729,174,729,115,729,187,729,304,729,207,729,310,729,517,727,248,729,390,729,578,729,373,729,610,729,892,729,526,729,818,729,1061,729,621,729,1091,729,1344
w05_100.0.mc,1635,59,1646,83,1646,161,1636,134,1646,232,1646,248,1646,180,1646,332,1646,452,1646,274,1646,436,1646,622,1646,360,1646,599,1646,880,1646,507,1646,754,1646,1189,1646,619,1646,1007,1646,1471
w05_100.1.mc,1604,55,1604,93,1606,99,1606,117,1606,173,1606,219,1606,147,1606,310,1604,308,1604,208,1606,312,1604,421,1606,335,1606,478,1606,665,1606,467,1604,654,1606,844,1604,544,1606,838,1606,1097
w05_100.2.mc,1902,55,1902,83,1902,100,1902,116,1902,174,1902,201,1902,152,1902,248,1902,302,1902,205,1902,314,1902,435,1902,290,1902,481,1902,626,1902,421,1902,672,1902,824,1902,553,1902,772,1902,1026
w05_100.3.mc,1627,61,1627,101,1627,168,1627,134,1627,195,1627,309,1627,177,1627,265,1627,439,1627,281,1627,453,1627,560,1627,370,1627,596,1627,839,1627,473,1627,806,1627,1071,1627,572,1627,1108,1627,1380
w05_100.4.mc,1545,61,1543,100,1543,169,1545,149,1545,234,1545,336,1545,174,1545,334,1546,394,1545,288,1546,438,1546,671,1545,355,1545,560,1545,869,1545,478,1545,867,1545,1167,1546,606,1545,998,1545,1356
w05_100.5.mc,1577,51,1577,118,1581,152,1578,117,1578,191,1578,313,1578,199,1581,301,1578,436,1581,250,1581,388,1581,586,1578,400,1581,702,1581,907,1581,504,1581,831,1581,1177,1581,631,1581,1107,1581,1511
w05_100.6.mc,1472,51,1472,92,1479,133,1472,114,1472,189,1472,231,1479,170,1473,262,1479,372,1473,243,1479,394,1479,526,1473,342,1479,551,1479,747,1479,495,1479,726,1479,958,1479,615,1479,894,1479,1192
w05_100.7.mc,1980,58,1985,121,1984,111,1983,122,1986,183,1983,248,1984,182,1985,298,1986,433,1987,261,1986,394,1985,573,1987,345,1985,549,1985,882,1984,470,1987,796,1986,1143,1987,567,1987,949,1985,1441
w05_100.8.mc,1305,59,1311,96,1305,134,1311,117,1311,250,1311,355,1311,169,1311,312,1311,414,1311,228,1311,397,1311,526,1311,402,1311,643,1311,838,1311,448,1306,818,1311,994,1311,604,1311,1012,1311,1332
w05_100.9.mc,1752,61,1752,126,1752,125,1751,127,1752,183,1751,276,1752,176,1749,296,1751,445,1751,236,1752,521,1752,639,1749,382,1752,742,1752,788,1751,485,1752,885,1752,1214,1752,617,1752,1108,1752,1414
w09_100.0.mc,2118,44,2118,70,2121,149,2121,121,2118,186,2121,243,2118,195,2118,301,2121,367,2118,252,2118,351,2118,513,2121,335,2121,592,2118,717,2121,485,2118,735,2121,971,2121,593,2121,1041,2121,1381
w09_100.1.mc,2085,65,2089,86,2096,144,2096,126,2096,217,2096,307,2088,199,2092,286,2096,436,2096,242,2096,390,2092,540,2089,339,2096,636,2096,815,2092,492,2096,796,2096,1193,2096,605,2096,969,2096,1303
w09_100.2.mc,2716,56,2716,92,2723,181,2721,147,2718,188,2730,289,2716,182,2738,369,2730,353,2715,235,2723,415,2721,621,2730,435,2721,664,2730,947,2721,542,2730,858,2730,1224,2720,643,2738,1057,2731,1438
w09_100.3.mc,1990,56,1990,133,1990,152,1990,122,1990,234,1990,310,1990,202,1990,373,1990,465,1990,274,1990,388,1990,599,1990,382,1990,609,1990,843,1990,521,1990,839,1990,1285,1990,665,1990,1135,1990,1479
w09_100.4.mc,2031,63,2031,122,2032,158,2032,115,2031,180,2033,264,2032,215,2032,315,2033,504,2031,254,2033,414,2033,643,2032,390,2032,620,2033,788,2032,533,2033,840,2033,1198,2033,640,2033,1054,2033,1424
w09_100.5.mc,2433,64,2433,131,2433,151,2433,101,2433,212,2433,236,2433,187,2433,305,2433,360,2433,256,2433,366,2433,525,2433,366,2433,534,2433,880,2433,426,2433,769,2433,1042,2433,573,2433,993,2433,1301
w09_100.6.mc,2220,64,2220,98,2220,124,2209,119,2220,188,2220,319,2220,222,2220,305,2220,445,2220,242,2220,402,2220,507,2220,369,2220,642,2220,822,2220,489,2220,832,2220,1268,2220,592,2220,1016,2220,1437
w09_100.7.mc,2238,57,2249,92,2252,138,2252,135,2252,217,2249,239,2249,191,2252,253,2252,431,2249,232,2249,363,2252,486,2252,356,2249,594,2252,780,2249,471,2249,797,2252,1087,2249,584,2249,979,2252,1328
w09_100.8.mc,1843,62,1843,96,1843,120,1843,131,1843,200,1843,306,1843,177,1843,322,1843,362,1843,264,1843,399,1843,557,1843,356,1843,591,1843,803,1843,453,1843,754,1843,1030,1843,623,1843,943,1843,1332
w09_100.9.mc,2043,55,2043,87,2043,128,2041,121,2043,186,2043,262,2043,192,2043,288,2043,391,2043,241,2043,408,2043,556,2043,368,2043,559,2043,827,2043,506,2043,750,2043,954,2043,623,2043,902,2043,1191
w09_100.9.mc,,,,,,,,,,,,,,,,,,,,,,,,,,,,,,,,,,,,,,,,,,
